year,oa_care_vic,ya_care_vic,oa_care_vir,ya_care_vir,oa_loya_vic,ya_loya_vic,oa_loya_vir,ya_loya_vir,oa_auth_vic,ya_auth_vic,oa_auth_vir,ya_auth_vir,oa_sanc_vic,ya_sanc_vic,oa_sanc_vir,ya_sanc_vir,oa_fare_vic,ya_fare_vic,oa_fare_vir,ya_fare_vir,oa_care,oa_loya,oa_auth,oa_sanc,oa_fare,oa_virtue,oa_vice,ya_care,ya_loya,ya_auth,ya_sanc,ya_fare,ya_virtue,ya_vice,ya_diff,ya_sum
1950,0.4908189,0.30023992,-0.014116071,0.12274656,0.38635978,0.25552195,-0.032489784,0.30675903,0.03291788,-0.10179567,-0.14025724,0.014930524,0.11537191,0.0569227,0.09970752,0.2615624,0.11496862,0.01664484,-0.17956635,0.03210085,-0.50493497,-0.41884956,-0.17317513,-0.015664391,-0.29453498,-0.053344388,0.22808743,-0.17749336,0.051237077,0.1167262,0.2046397,0.01545601,0.1176016,0.15231559,-0.034713984,0.2699172
1951,0.5463116,0.43751907,-0.05934968,0.13233238,0.36547476,0.29496038,-0.023234995,0.22761706,0.05784431,0.05142282,-0.14983544,0.05192768,0.11469005,0.13845748,0.09366292,0.28368124,0.13240176,0.2351386,-0.1969503,0.037134044,-0.6056613,-0.38870975,-0.20767975,-0.021027133,-0.32935208,-0.067141496,0.2433445,-0.3051867,-0.067343324,0.0005048588,0.14522377,-0.19800454,0.1182429,0.25382888,-0.135586,0.37207177
1952,0.44213986,0.18530917,0.060572878,0.1539418,0.23938124,0.22158484,0.0025856048,0.27081695,0.11234968,-0.038957316,-0.21994868,-0.07596659,0.06238179,0.026250998,0.044719644,0.22964048,0.05318016,0.019320719,-0.1570993,0.0015624631,-0.381567,-0.23679563,-0.33229837,-0.017662145,-0.21027946,-0.053833973,0.18188655,-0.031367376,0.04923211,-0.037009273,0.20338948,-0.017758256,0.09709678,0.108814955,-0.011718176,0.20591173
1953,0.43204182,0.21592027,-0.004270468,0.17807278,0.3221594,0.17236052,0.012624934,0.27685526,0.079356894,0.009482883,-0.19068974,-0.031701393,0.038874507,0.019799683,0.15640464,0.3475817,0.23235153,0.12976025,-0.13293111,0.08485252,-0.4363123,-0.3095345,-0.27004665,0.11753014,-0.36528265,-0.03177235,0.22095683,-0.03784749,0.104494736,-0.041184276,0.32778203,-0.044907734,0.14471431,0.14491384,-0.00019952655,0.28962815
1954,0.48834443,0.29716435,-0.04967099,0.14977795,0.13271444,0.0672057,-0.056214496,0.21554622,-0.06508582,-0.095714465,-0.18168761,-0.07339683,0.08007439,0.047301814,0.033671156,0.24285255,0.032631114,0.034490038,-0.15453914,0.022034645,-0.5380154,-0.18892893,-0.11660179,-0.046403237,-0.18717025,-0.08168822,0.1337357,-0.1473864,0.14834052,0.022317633,0.19555074,-0.012455393,0.08343334,0.08052698,0.0029063597,0.16396031
1955,0.46376675,0.22851378,-0.040996093,0.12975973,0.34526038,0.19926497,-0.056493767,0.2698294,-0.07279526,-0.090297885,-0.18552619,-0.16029055,0.15802418,0.1491208,0.07643315,0.29205108,-0.03800707,-0.09159523,-0.18426678,-0.081814066,-0.5047628,-0.40175414,-0.112730935,-0.081591025,-0.14625971,-0.078169934,0.17124979,-0.09875405,0.07056442,-0.06999267,0.14293028,0.009781167,0.06550697,0.1233778,-0.057870828,0.18888476
1956,0.33185917,0.1903278,-0.051150456,0.06652523,0.40179706,0.22529627,0.011102198,0.2741717,-0.027541269,-0.091625474,-0.10242504,-0.08310413,0.13300188,0.042594388,0.10978313,0.24850646,-0.06763521,-0.014894433,-0.20504668,-0.07704212,-0.3830096,-0.39069486,-0.074883774,-0.023218751,-0.13741148,-0.04754737,0.15429632,-0.123802565,0.048875436,0.008521341,0.20591207,-0.062147684,0.073359884,0.12558259,-0.052222706,0.19894248
1957,0.3418076,0.28258437,-0.058072075,0.11952099,0.2773521,0.19009344,-0.08689737,0.1542814,-0.10786773,-0.15545192,-0.21170613,-0.10819526,0.1130849,0.09597921,0.15429531,0.26247343,-0.013022931,0.052290145,-0.21748376,-0.06131161,-0.3998797,-0.36424947,-0.1038384,0.041210413,-0.20446083,-0.0839728,0.122270785,-0.16306338,-0.03581205,0.047256663,0.16649422,-0.11360176,0.046645265,0.1238079,-0.07716264,0.17045316
1958,0.3578487,0.1706631,0.024099417,0.06659881,0.09549754,0.032062307,-0.04981632,0.105898224,-0.0706308,-0.16599855,-0.13746834,-0.09898023,0.034918256,-0.016634023,0.10579947,0.21165872,-0.12105125,-0.12410057,-0.16756415,-0.0975652,-0.3337493,-0.14531386,-0.066837534,0.07088121,-0.0465129,-0.044989984,0.059316494,-0.10406429,0.07383592,0.067018315,0.22829273,0.026535377,0.022965664,-0.0014183646,0.02438403,0.021547299
1959,0.37994337,0.22672963,0.049973466,0.12763166,0.093827635,0.07365943,-0.00095289946,0.15008624,0.0020103455,-0.09289606,-0.14883386,-0.15134445,0.11858107,0.067734376,0.11038146,0.26223946,-0.09437075,-0.104096204,-0.18776192,-0.05333779,-0.3299699,-0.094780535,-0.1508442,-0.00819961,-0.093391165,-0.03543875,0.09999834,-0.09909797,0.07642681,-0.05844839,0.19450508,0.050758414,0.05572037,0.044159796,0.011560574,0.09988017
1960,0.3015164,0.14911422,-0.020452533,0.044976346,0.13143289,0.09559904,-0.095670424,0.08154565,-0.058560792,-0.104772516,-0.14858955,-0.1382665,0.01910181,-0.054586694,0.003205968,0.1785402,-0.01836073,-0.042772837,-0.18978497,-0.12772942,-0.32196894,-0.22710332,-0.09002876,-0.015895842,-0.17142424,-0.09025831,0.075025916,-0.104137875,-0.014053389,-0.03349399,0.2331269,-0.08495658,-0.009434025,0.029002348,-0.03843637,0.019568324
1961,0.4040575,0.25194928,-0.050265,0.08839129,0.09472713,-0.0008343272,-0.10803718,0.11480816,-0.19407654,-0.14884928,-0.16094127,-0.16070983,-0.07464597,-0.038827978,0.039924808,0.17306705,0.050394047,0.029193595,-0.24967326,-0.13068134,-0.45432252,-0.2027643,0.033135265,0.114570774,-0.3000673,-0.105798386,0.056091238,-0.16355799,0.11564249,-0.011860549,0.21189502,-0.15987493,-0.0038603086,0.031226404,-0.035086714,0.027366096
1962,0.30765417,0.22016671,-0.05736762,0.0683445,0.2738122,0.19366278,-0.11393339,0.117617995,-0.1556064,-0.16203997,-0.10000852,-0.11612349,0.004825644,-0.008385869,0.05091733,0.19027895,-0.04068227,-0.020420484,-0.2412006,-0.11565176,-0.3650218,-0.3877456,0.055597886,0.046091687,-0.20051832,-0.09231856,0.07800068,-0.15182221,-0.07604478,0.045916475,0.19866481,-0.09523127,0.005088801,0.082799226,-0.07771043,0.087888025
1963,0.31358594,0.13598281,-0.10620784,0.032304764,0.10462631,-0.027112134,-0.16214508,0.0034497716,0.023677155,-0.09971762,-0.121748365,-0.0894645,-0.0044433624,-0.04520245,0.06808528,0.19725795,-0.10318987,-0.0784692,-0.23800926,-0.119571775,-0.41979378,-0.26677138,-0.14542553,0.072528645,-0.13481939,-0.112005055,0.066851236,-0.10367805,0.030561905,0.0102531165,0.2424604,-0.041102573,-0.023028145,-0.0016487142,-0.02137943,-0.02467686
1964,0.14242493,-0.008115787,-0.09095622,0.05706715,0.08527516,0.040952846,-0.2109353,0.009727776,-0.19778536,-0.19746104,-0.29020503,-0.18067238,-0.054392602,-0.06940919,0.031552657,0.15099886,-0.13419084,-0.059001677,-0.31358296,-0.16331649,-0.23338115,-0.29621047,-0.09241967,0.08594526,-0.17939211,-0.17482537,-0.031733744,0.06518294,-0.03122507,0.016788661,0.22040805,-0.10431481,-0.056188393,-0.034626614,-0.02156178,-0.09081501
1965,0.14054418,-0.08800418,-0.041151155,0.08302502,-0.028242797,-0.04834,-0.18413,0.053529125,-0.23148303,-0.19992453,-0.15307434,-0.16304031,-0.1704346,-0.13060687,-0.033848666,0.05642116,-0.07443201,-0.030106805,-0.2782747,-0.16396153,-0.18169533,-0.1558872,0.07840869,0.13658592,-0.20384267,-0.13809577,-0.07280965,0.17102921,0.10186912,0.03688422,0.18702804,-0.13385472,-0.05302609,-0.08753753,0.034511436,-0.14056362
1966,0.12226689,-0.09865275,0.07271709,0.012296636,-0.14951973,-0.11894691,-0.26301283,-0.0810911,-0.25624448,-0.17538886,-0.102371715,0.036063313,-0.26570702,-0.1561503,-0.054798484,0.011819828,0.11873177,0.0925446,-0.23449585,-0.16033405,-0.049549796,-0.1134931,0.15387276,0.21090853,-0.35322762,-0.11639235,-0.08609451,0.11094938,0.03785581,0.21145217,0.16797012,-0.25287867,-0.07404303,-0.10101899,0.02697596,-0.17506202
1967,0.16478871,0.1228212,0.08661693,0.10648769,-0.10988188,-0.14480135,-0.13477176,0.09666066,-0.2677124,-0.2173582,-0.16188625,-0.15789859,-0.25167865,-0.16522904,0.040266298,0.12750582,0.0025672112,0.13636728,-0.1725786,-0.063309856,-0.078171775,-0.024889886,0.10582617,0.29194495,-0.17514582,-0.06847067,-0.0923834,-0.016333506,0.241462,0.05945961,0.29273486,-0.19967714,-0.004221006,-0.063013665,0.05879266,-0.06723467
1968,0.25870162,0.31687796,0.074525714,0.06436496,0.026334267,0.007308714,-0.12749419,0.024147015,-0.3046302,-0.22706369,-0.047415994,0.103147335,-0.2402699,-0.20117563,0.013400136,0.11657471,-0.04682064,0.1461626,-0.26703793,0.01139248,-0.18417591,-0.15382846,0.2572142,0.25367004,-0.22021729,-0.070804454,-0.06133697,-0.252513,0.016838301,0.330211,0.31775033,-0.13477013,0.032022055,0.011407371,0.020614684,0.043429427
1969,0.35825253,0.12831822,0.1071437,0.095103815,0.028396212,-0.17325652,-0.15336058,-0.032678805,-0.24105667,-0.19723308,-0.070780054,0.0010844022,-0.111059114,-0.0643942,0.05015162,-0.02159629,-0.024660902,0.085405976,-0.19333492,-0.12509364,-0.25110883,-0.1817568,0.17027661,0.16121073,-0.16867402,-0.052036047,0.0019744125,-0.033214405,0.1405777,0.19831748,0.04279791,-0.21049961,-0.039423514,-0.03212723,-0.007296283,-0.07155074
1970,0.19705066,0.005647421,0.08173978,0.19328462,0.2164551,-0.013096392,-0.15223779,0.078170955,-0.22383799,-0.16221496,0.0045086853,0.06715244,-0.12820135,-0.15975448,-0.003414292,-0.022108816,-0.058823578,0.067530856,-0.18462712,-0.022219475,-0.11531088,-0.36869287,0.22834668,0.12478706,-0.12580353,-0.050806142,0.0005285695,0.1876372,0.09126735,0.2293674,0.13764566,-0.089750335,0.023673654,-0.007572077,0.03124573,0.016101576
1971,0.126351,-0.043555852,-0.057641096,0.1667563,0.07443713,-0.013173394,-0.12851389,0.1517562,-0.15418276,-0.107565716,0.08797052,0.1551542,-0.14957467,-0.06298894,-0.106706224,0.042976283,0.031432558,0.21049632,-0.23149574,-0.0478156,-0.18399209,-0.20295101,0.24215329,0.042868443,-0.2629283,-0.087277286,-0.01430735,0.21031216,0.1649296,0.26271993,0.10596522,-0.25831193,0.056718916,0.0096082585,0.04711066,0.06632718
1972,0.11654137,-0.107000604,-0.04591334,0.08236669,0.048176065,-0.04976795,-0.22137533,0.11181231,-0.15942998,-0.12781318,-0.053203046,-0.018286364,-0.13069627,-0.12939876,-0.07486038,0.03514502,-0.059021443,0.012220494,-0.28162444,-0.13490842,-0.16245471,-0.2695514,0.106226936,0.055835888,-0.222603,-0.13539532,-0.03688605,0.1893673,0.16158026,0.10952681,0.16454378,-0.14712891,-0.024207683,-0.058930654,0.03472297,-0.08313834
1973,0.19426021,-0.085360445,-0.06221267,0.050491847,0.15089399,-0.027325088,-0.19851686,0.076175526,-0.059181258,-0.22591436,-0.14208195,-0.10591338,-0.012179092,-0.12128818,-0.09673086,0.06256723,-0.0023559853,-0.00425718,-0.2565958,-0.119636886,-0.2564729,-0.34941083,-0.08290069,-0.08455177,-0.2542398,-0.15122762,0.054287575,0.13585229,0.10350061,0.12000098,0.18385541,-0.115379706,-0.039138753,-0.052208543,0.01306979,-0.09134729
1974,0.32164493,0.016493417,-0.043675847,0.0505021,0.08235645,-0.113683835,-0.2087597,0.117031485,0.05137324,-0.15227908,-0.011610808,-0.076182425,0.0031167604,-0.1212401,-0.091839075,0.022412807,0.19092545,0.11700924,-0.26023078,-0.08619322,-0.36532077,-0.29111615,-0.06298405,-0.09495583,-0.45115623,-0.12322323,0.12988336,0.03400868,0.23071532,0.076096654,0.14365292,-0.20320246,-0.030198159,-0.028557317,-0.0016408414,-0.058755476
1975,0.092231095,-0.105933934,-0.060236916,0.02541896,0.016958073,-0.11298982,-0.22791755,0.05706364,-0.16627431,-0.15821059,-0.1062839,-0.12091526,-0.0065161064,-0.091004014,0.051188134,0.07585906,-0.051797055,0.019581333,-0.2671419,-0.15479265,-0.15246801,-0.24487562,0.059990406,0.05770424,-0.21534485,-0.12207843,-0.02307966,0.1313529,0.17005345,0.037295334,0.16686308,-0.17437398,-0.0575473,-0.07193316,0.014385857,-0.12948045
1976,-0.0021641813,-0.094305426,-0.032809477,0.07799655,-0.054232758,-0.2639528,-0.24148129,-0.010954801,-0.23612288,-0.25359282,-0.06594737,0.033717204,-0.09867088,-0.13805997,0.110965,0.09286439,-0.01116218,0.039688073,-0.21129194,-0.041295823,-0.030645296,-0.18724853,0.17017551,0.20963588,-0.20012976,-0.088113025,-0.08047058,0.17230198,0.252998,0.28731003,0.23092437,-0.08098389,-0.014858961,-0.1274093,0.11255033,-0.14226826
1977,0.019385196,-0.076123774,0.048854083,0.08888079,0.020053716,-0.116979964,-0.16368634,0.103721626,-0.18559845,-0.20193271,-0.055939857,0.00656398,-0.08406427,-0.10164791,0.11327466,0.14153498,0.056652233,0.2290312,-0.19430543,-0.023872443,0.029468887,-0.18374005,0.1296586,0.19733894,-0.25095767,-0.05036057,-0.034714315,0.16500457,0.22070159,0.20849669,0.2431829,-0.25290364,0.025523767,-0.04126657,0.06679034,-0.015742805
1978,0.16709967,0.048398644,-0.06678016,0.066926,0.20138156,0.12649763,-0.08177204,0.19956315,-0.19834432,-0.20090866,-0.05300661,0.017498542,0.025806539,0.041174203,0.15371498,0.29725403,0.07107928,0.07040854,-0.23107964,-0.077270746,-0.23387983,-0.2831536,0.1453377,0.12790844,-0.30215892,-0.05578469,0.053404547,0.018527359,0.07306552,0.2184072,0.25607982,-0.14767928,0.070366494,0.047825318,0.022541177,0.11819181
1979,0.10220959,0.07641002,-0.09075394,0.042106565,0.14000468,0.048307113,-0.031105287,0.21426985,-0.10259231,-0.11622891,-0.075040706,-0.006862427,0.084579475,0.076265305,0.22203295,0.32224417,0.053682894,0.15307154,-0.23207916,-0.07922151,-0.19296354,-0.17110997,0.027551606,0.13745347,-0.28576207,-0.04138923,0.05557686,-0.034303453,0.16596273,0.109366484,0.24597886,-0.23229304,0.07690523,0.06297162,0.013933606,0.13987684
1980,0.25711548,0.16082904,-0.05903764,0.072722584,0.21281025,0.08952602,-0.062064804,0.19718853,-0.07031933,-0.11445695,-0.0841618,-0.0023257602,0.3177692,0.2634867,0.22728711,0.35071945,0.16189602,0.21383595,-0.16693099,-0.02743188,-0.3161531,-0.27487504,-0.013842471,-0.090482086,-0.32882702,-0.028981622,0.17585433,-0.08810645,0.10766251,0.11213119,0.08723274,-0.24126783,0.08813468,0.13767184,-0.04953716,0.22580653
1981,0.2984506,0.16313046,0.06502691,0.106162965,0.34755898,0.1052724,0.043607146,0.23643869,-0.07273248,-0.1244931,-0.13123652,-0.051461738,0.25251245,0.18211368,0.25578195,0.34058946,0.18222007,0.19348839,-0.18702497,-0.04336315,-0.23342368,-0.30395183,-0.058504045,0.0032694936,-0.36924505,0.009230902,0.20160194,-0.056967497,0.1311663,0.073031366,0.15847579,-0.23685154,0.105328895,0.1445118,-0.03918291,0.2498407
1982,0.25620872,0.13645831,0.028583366,0.10435898,0.28352892,0.17380694,0.058147907,0.25778633,-0.038968105,-0.10743812,-0.07736872,0.01963593,0.307683,0.24331628,0.24543276,0.33562303,0.18723226,0.20394138,-0.18576774,-0.061548077,-0.22762536,-0.22538102,-0.038400616,-0.062250227,-0.373,0.013805514,0.19913696,-0.03209933,0.0839794,0.12707405,0.09230675,-0.26548946,0.11900068,0.15560228,-0.036601596,0.27460295
1983,0.31924796,0.12934357,0.032810163,0.09803842,0.23456012,0.1094609,0.06348044,0.2656396,-0.031098515,-0.12944831,-0.09968541,0.008790784,0.3029083,0.20591798,0.28166527,0.3657522,0.2706462,0.27994835,-0.14051905,0.0059948564,-0.2864378,-0.17107968,-0.06858689,-0.021243036,-0.41116527,0.02755028,0.21925282,-0.03130515,0.15617871,0.13823909,0.1598342,-0.2739535,0.13461605,0.1382971,-0.0036810488,0.27291316
1984,0.4120346,0.13062418,-0.020951726,0.067632124,0.37108487,0.09357548,0.08348873,0.25077963,0.05121015,-0.08844679,-0.08731169,-0.036052622,0.47478282,0.26984486,0.28381497,0.30160606,0.13561834,0.12393798,-0.15415728,-0.079627566,-0.43298632,-0.28759614,-0.13852185,-0.19096786,-0.2897756,0.020976603,0.28894615,-0.06299205,0.15720415,0.052394167,0.0317612,-0.20356554,0.09797105,0.15010343,-0.052132383,0.24807449
1985,0.35152096,0.09653203,0.049070816,0.047197044,0.48166227,0.25212264,0.10084338,0.25763538,0.04402246,-0.09707974,0.021194091,0.05911155,0.3889934,0.19411589,0.35373294,0.40992537,0.28218102,0.15675355,-0.091172315,-0.031279393,-0.30245015,-0.3808189,-0.022828368,-0.03526047,-0.37335333,0.08673377,0.30967602,-0.049334988,0.005512744,0.15619129,0.21580948,-0.18803295,0.14057222,0.18068445,-0.040112227,0.32125667
1986,0.2795458,0.111193866,-0.015319563,0.05250038,0.42856753,0.31874096,0.10213041,0.2771936,0.19230969,0.025214171,-0.057971932,0.023269683,0.42618197,0.28606907,0.36481535,0.45762217,0.3638379,0.31412178,-0.14092626,0.020738624,-0.29486537,-0.32643712,-0.25028163,-0.061366618,-0.50476414,0.05054561,0.33808857,-0.058693487,-0.041547358,-0.0019444879,0.1715531,-0.29338315,0.15557581,0.24731791,-0.0917421,0.40289372
1987,0.39383295,0.20624861,-0.007555034,0.05572804,0.4893278,0.3306387,0.1009521,0.29399827,0.3835405,0.14445823,-0.014265999,0.051693436,0.4115591,0.26744157,0.34057906,0.37789583,0.25687438,0.24243635,-0.16409558,0.004776437,-0.401388,-0.3883757,-0.39780653,-0.07098004,-0.42096996,0.05112291,0.38702694,-0.15052056,-0.036640435,-0.092764795,0.11045426,-0.23765992,0.14750735,0.28009188,-0.13258453,0.42759925
1988,0.32100523,0.16377634,0.020461682,0.039993316,0.4588005,0.2680722,0.14910847,0.30789015,0.14840353,0.036931228,-0.0022507515,-0.0023923442,0.44752073,0.24286538,0.39061356,0.3653794,0.370713,0.311168,-0.11544551,-0.012668405,-0.30054355,-0.30969203,-0.15065427,-0.056907177,-0.4861585,0.0884975,0.3492886,-0.12378302,0.03981796,-0.039323572,0.12251401,-0.3238364,0.14121842,0.2469356,-0.10571718,0.38815403
1989,0.2056068,0.112185426,-0.026388815,0.05788935,0.3614636,0.2677169,0.056194663,0.25155804,-0.056190673,-0.034854818,-0.09819432,-0.019165859,0.3353061,0.3064854,0.33836913,0.39130265,0.22779201,0.22699618,-0.18458846,-0.021661844,-0.23199561,-0.30526894,-0.04200365,0.003063023,-0.41238046,0.01707844,0.21479556,-0.054296076,-0.016158879,0.01568896,0.08481723,-0.24865803,0.11935284,0.20666544,-0.0873126,0.32601827
1990,0.3031761,0.1389813,-0.045126427,0.051284328,0.39171505,0.26801434,0.01775691,0.17597714,-0.079575986,-0.022475742,-0.11884594,-0.07677252,0.31921405,0.2154486,0.28744853,0.37084916,0.12321002,0.18211868,-0.19609767,-0.07163862,-0.34830254,-0.37395814,-0.039269954,-0.03176552,-0.31930768,-0.01097292,0.21154785,-0.08769697,-0.0920372,-0.054296777,0.15540056,-0.2537573,0.0779094,0.19563371,-0.11772431,0.27354312
1991,0.39569056,0.23839132,-0.013245538,0.0092492215,0.2978458,0.18039146,0.06206083,0.2352756,0.015111216,0.038360864,-0.01930584,-0.019431682,0.44144738,0.27391267,0.30989432,0.4115344,0.13561544,0.116780266,-0.17929143,-0.045764327,-0.40893608,-0.23578498,-0.034417056,-0.13155305,-0.31490687,0.03202247,0.2571421,-0.2291421,0.054884136,-0.057792544,0.13762173,-0.1625446,0.10882068,0.19094706,-0.08212638,0.29976773
1992,0.40212587,0.2113473,-0.016142499,0.03173171,0.43926394,0.30955416,0.18366495,0.3205053,0.12122631,0.12850171,-0.0024447907,-0.011318222,0.5870156,0.42664036,0.42757508,0.4427195,0.1895383,0.15446737,-0.15270974,-0.08023226,-0.41826835,-0.255599,-0.1236711,-0.15944055,-0.34224802,0.0879886,0.34783402,-0.17961559,0.010951132,-0.13981993,0.016079128,-0.23469964,0.14784516,0.27829581,-0.13045065,0.42614096
1993,0.35622773,0.20533605,0.024676014,0.06889052,0.6488198,0.48256546,0.20084405,0.29437423,0.39096767,0.12320828,-0.08434281,-0.045159847,0.5765943,0.42395067,0.43168953,0.48799485,0.1396656,0.11806593,-0.1630586,-0.047519363,-0.3315517,-0.44797575,-0.47531047,-0.14490476,-0.30272418,0.08196165,0.422455,-0.13644552,-0.18819124,-0.16836813,0.06404418,-0.1655853,0.15990405,0.3336577,-0.17375366,0.49356174
1994,0.47089458,0.2560454,-0.009746186,0.0070610903,0.50064427,0.33668464,0.17396814,0.2504671,0.14711817,0.045311365,-0.056450076,-0.050051223,0.60684204,0.428811,0.36722144,0.41246772,0.11658882,0.017068101,-0.17372401,-0.11286379,-0.48064077,-0.32667613,-0.20356825,-0.2396206,-0.29031283,0.06025386,0.36841756,-0.2489843,-0.08621755,-0.09536259,-0.016343296,-0.12993188,0.11350817,0.2640941,-0.15058595,0.37760228
1995,0.43659753,0.20433877,0.0033705924,0.04449745,0.41099575,0.16741116,0.14231977,0.24989976,0.12161904,-0.072356835,-0.12638533,-0.161675,0.4189029,0.21994796,0.34128958,0.35732746,0.10243122,0.006801948,-0.21188182,-0.06736415,-0.43322694,-0.26867598,-0.24800438,-0.077613324,-0.31431305,0.029742563,0.2981093,-0.15984133,0.0824886,-0.08931817,0.1373795,-0.0741661,0.09416754,0.1561898,-0.06202226,0.25035733
1996,0.34001353,0.16604726,-0.06743202,-0.014020115,0.438508,0.30149543,0.054443393,0.22442916,-0.029281478,-0.17529784,-0.14228237,-0.12227674,0.4033783,0.29121417,0.26518166,0.35202506,0.2359775,0.17594749,-0.20655815,-0.09088312,-0.40744555,-0.3840646,-0.113000885,-0.13819665,-0.44253564,-0.019329498,0.2777192,-0.18006738,-0.07706627,0.053021103,0.060810894,-0.26683062,0.067286275,0.19965239,-0.13236612,0.26693866
1997,0.3377483,0.16297862,0.016266868,0.014484876,0.47861752,0.32827276,0.11337597,0.22802216,0.122375794,0.02216217,-0.09022437,-0.12602049,0.3882909,0.25957587,0.29507485,0.3323968,0.15738252,0.0653975,-0.18633594,-0.10235076,-0.3214814,-0.36524156,-0.21260017,-0.09321606,-0.34371847,0.02963148,0.29688302,-0.14849374,-0.1002506,-0.14818266,0.07282093,-0.16774826,0.076651424,0.21950074,-0.14284931,0.29615217
1998,0.35701007,0.16321766,0.024501456,0.0269094,0.5369904,0.23118056,0.1463204,0.28643513,0.2198769,0.023913193,-0.068287306,-0.07828842,0.49128667,0.27486253,0.39856774,0.42485058,0.31641793,0.19299501,-0.15340614,-0.087299556,-0.33250862,-0.39067,-0.2881642,-0.09271893,-0.46982408,0.06953923,0.38431638,-0.13630827,0.055254564,-0.10220161,0.14998806,-0.28029457,0.11982125,0.23719323,-0.11737198,0.35701448
1999,0.2636609,0.07930425,0.04522546,0.064232424,0.3502874,0.20517267,0.18626055,0.33082396,0.07095765,-0.02246111,-0.13735196,-0.13568486,0.3742814,0.2533838,0.34712392,0.44354385,0.1833108,0.05452323,-0.15761963,-0.07610177,-0.21843545,-0.16402686,-0.20830962,-0.027157485,-0.34093043,0.056727666,0.24849963,-0.015071824,0.12565129,-0.113223754,0.19016007,-0.13062501,0.13551237,0.15336837,-0.017856002,0.28888074
2000,0.31101418,0.13250759,-0.03971625,0.0711222,0.3777206,0.24606451,0.15549216,0.3255726,0.20893058,0.025179699,-0.10529353,-0.10710909,0.43746462,0.27252042,0.350613,0.40059483,0.16275488,0.07933154,-0.15905754,-0.062306978,-0.35073042,-0.22222844,-0.31422412,-0.08685163,-0.32181242,0.040407564,0.29957697,-0.061385393,0.079508096,-0.13228878,0.12807441,-0.14163852,0.13056095,0.18888737,-0.058326423,0.31944832
2001,0.289351,0.15120275,-0.05236365,0.02110269,0.43786073,0.24526033,0.13023624,0.32289845,0.08953196,0.034782574,-0.167173,-0.118980974,0.3800258,0.24390113,0.3006601,0.42064983,0.19867447,0.0808868,-0.24257505,-0.07621583,-0.34171462,-0.3076245,-0.25670496,-0.0793657,-0.44124952,-0.006243071,0.2790888,-0.13010007,0.07763812,-0.15376355,0.1767487,-0.15710264,0.11661506,0.1989824,-0.082367346,0.31559747
2002,0.2656805,0.112141855,0.018751044,0.055591248,0.53443867,0.37013093,0.10196467,0.2525673,0.22430658,0.11339343,-0.13909325,-0.13950455,0.52227795,0.29852644,0.35410678,0.42361456,0.21482751,0.078005694,-0.19159546,-0.05899958,-0.24692945,-0.43247402,-0.36339983,-0.16817117,-0.40642297,0.028826755,0.35230625,-0.056550607,-0.117563635,-0.25289798,0.12508813,-0.13700527,0.105872266,0.25110617,-0.1452339,0.35697845
2003,0.29959276,0.12793891,-0.0012153313,0.0122028515,0.43036598,0.25352022,0.14828819,0.29278466,0.1475207,0.09267977,-0.22750448,-0.17686355,0.26492494,0.11604368,0.300637,0.36563656,0.11248154,0.07272367,-0.21606582,-0.0829312,-0.3008081,-0.2820778,-0.37502518,0.035712063,-0.32854736,0.0008279115,0.25097722,-0.11573606,0.03926444,-0.26954332,0.24959287,-0.15565488,0.09318625,0.18221204,-0.08902579,0.27539828
2004,0.30134302,0.15500107,0.017415423,0.051247336,0.30757862,0.1746673,0.15836386,0.26533037,0.017517835,0.03870309,-0.113019764,-0.15546882,0.33604985,0.12181152,0.36299604,0.37175483,0.118945874,0.01782947,-0.14388111,-0.070782974,-0.2839276,-0.14921476,-0.1305376,0.026946187,-0.26282698,0.05637489,0.21628705,-0.10375374,0.090663075,-0.1941719,0.24994332,-0.088612445,0.103407435,0.13593183,-0.0325244,0.23933926
2005,0.32801607,0.20284906,-0.024065454,0.076668434,0.58613247,0.35308677,0.18230268,0.3494318,0.0746187,0.06349677,-0.19726722,-0.14307281,0.44464692,0.20093745,0.3585595,0.40788922,0.13501589,0.14286825,-0.18768746,0.005051218,-0.35208154,-0.40382978,-0.27188593,-0.086087435,-0.32270336,0.02636841,0.313686,-0.12618062,-0.0036549568,-0.20656958,0.20695177,-0.13781703,0.14637843,0.2582285,-0.11185008,0.40460694
2006,0.37781852,0.21972781,-0.068909355,0.024596829,0.4400216,0.23582436,0.16191013,0.3305766,0.16779515,0.1442873,-0.19938874,-0.17474535,0.5141129,0.30444497,0.33658993,0.41953033,0.13477182,0.08040644,-0.14855906,-0.030719787,-0.44672787,-0.27811146,-0.3671839,-0.17752296,-0.2833309,0.016328579,0.326904,-0.19513099,0.09475224,-0.31903267,0.11508536,-0.11112623,0.12185812,0.23745207,-0.115593955,0.3593102
2007,0.3642246,0.20098224,-0.061960526,0.046057634,0.49182162,0.3839448,0.067604735,0.32761225,0.110238925,0.17809057,-0.14504008,-0.13453849,0.48210746,0.2446566,0.3296041,0.4430418,0.16349474,0.13562575,-0.17137282,-0.012019202,-0.42618513,-0.42421687,-0.255279,-0.15250337,-0.33486754,0.003767082,0.32237747,-0.1549246,-0.05633256,-0.31262904,0.19838521,-0.14764495,0.122959785,0.27252024,-0.14956045,0.39548004
2008,0.27961046,0.15428844,0.008332439,0.07286604,0.3439815,0.21846038,0.120291315,0.30367,0.24249624,0.22419128,-0.19163722,-0.14950244,0.4177864,0.22792557,0.29330403,0.38352427,0.1997789,0.10957176,-0.12207429,0.022274338,-0.27127802,-0.22369018,-0.43413347,-0.12448236,-0.3218532,0.021643255,0.2967307,-0.0814224,0.08520961,-0.3736937,0.1555987,-0.087297425,0.12552057,0.21306984,-0.08754927,0.3385904
2009,0.33425778,0.18686177,-0.050323837,0.03393323,0.44646055,0.26100975,0.13859226,0.29791388,0.08155824,0.06800805,-0.09465149,-0.09220369,0.3025365,0.14162621,0.32270518,0.3885445,0.14594018,0.070852146,-0.15938506,-0.022581832,-0.38458163,-0.3078683,-0.17620973,0.020168692,-0.30532524,0.03138741,0.26215065,-0.15292853,0.036904126,-0.16021174,0.24691829,-0.093433976,0.12403306,0.19580309,-0.07177003,0.31983614
2010,0.33738694,0.19328953,0.0010679066,0.09026187,0.45812988,0.31881025,0.16168556,0.33803415,0.05659666,0.10912344,-0.11917229,-0.06192325,0.37089762,0.22653536,0.26377878,0.35975507,0.16150472,0.13985215,-0.12893482,-0.004830951,-0.33631903,-0.29644433,-0.17576894,-0.107118845,-0.29043955,0.035685025,0.27690318,-0.103027664,0.019223899,-0.17104669,0.1332197,-0.14468311,0.14716373,0.24095677,-0.093793035,0.3881205
2011,0.27345067,0.12437951,-0.053845644,0.051317398,0.4522007,0.28608596,0.16887778,0.35647434,-0.013648134,0.023454215,-0.118330434,-0.05536643,0.34525824,0.2133447,0.30117917,0.39363235,0.14495191,0.10177378,-0.16124526,0.008264419,-0.32729632,-0.28332293,-0.1046823,-0.044079065,-0.30619717,0.027327126,0.24044268,-0.07306211,0.07038838,-0.078820646,0.18028766,-0.09350936,0.15386663,0.20020647,-0.04633984,0.3540731
2012,0.2674269,0.12115994,-0.06404709,0.05908377,0.32173946,0.28024617,0.11223594,0.31271443,0.022621006,0.029557005,-0.15996729,-0.101847194,0.4817267,0.24971075,0.25100935,0.3204921,0.13554475,0.115890555,-0.20271274,-0.011367314,-0.331474,-0.20950353,-0.1825883,-0.23071736,-0.3382575,-0.012696368,0.24581179,-0.06207617,0.03246826,-0.13140419,0.070781335,-0.12725787,0.11521862,0.18638398,-0.07116536,0.3016026
2013,0.26215982,0.17244315,0.025070405,0.12099524,0.46687412,0.2784346,0.1831538,0.35369706,-0.0073761716,0.098881885,-0.1451903,-0.04349748,0.29264605,0.1932541,0.37619328,0.40269744,0.09749978,0.15450789,-0.1586553,0.029772496,-0.23708943,-0.2837203,-0.13781413,0.083547235,-0.25615507,0.056114376,0.2223607,-0.051447913,0.07526246,-0.14237937,0.20944335,-0.12473539,0.17446975,0.22739929,-0.052929536,0.40186906
2014,0.22245285,0.117599964,-0.036672637,0.097127125,0.45010203,0.2733767,0.17146975,0.34524018,0.0067011043,0.06452834,-0.14270818,-0.11695683,0.25544965,0.10455558,0.29339296,0.33838534,0.07692021,0.095083766,-0.19894683,0.016384223,-0.25912547,-0.27863228,-0.1494093,0.037943304,-0.27586704,0.017307008,0.20232515,-0.02047284,0.07186347,-0.18148518,0.23382977,-0.078699544,0.14194164,0.18420772,-0.042266086,0.32614934
2015,0.31763268,0.17238283,0.0057389215,0.12988687,0.4810236,0.270242,0.19343427,0.37308416,0.035567593,0.055425465,-0.13410786,-0.040429592,0.3866077,0.2147489,0.31735054,0.3922064,0.0879107,0.07087274,-0.16570695,0.015242249,-0.31189376,-0.28758934,-0.16967545,-0.06925717,-0.25361764,0.043341782,0.26174846,-0.042495966,0.10284215,-0.09585506,0.1774575,-0.05563049,0.17723739,0.2107826,-0.03354521,0.38801998
2016,0.287659,0.15762623,-0.04216546,0.08952236,0.42649192,0.24407077,0.18469943,0.35187626,-0.17840354,-0.096809015,-0.12152408,-0.06823545,0.3536717,0.14167126,0.30496418,0.33446917,0.0072647333,0.11832382,-0.19602434,-0.0058560297,-0.32982445,-0.24179249,0.05687946,-0.048707515,-0.20328908,0.025989946,0.17933676,-0.068103865,0.10780549,0.028573565,0.19279791,-0.12417985,0.14774595,0.16522916,-0.017483205,0.3129751
2017,0.3708307,0.19729389,-0.056289926,0.13807441,0.5077977,0.28290528,0.17581534,0.39660543,-0.09912583,-0.10667162,-0.13298772,-0.09561302,0.3921497,0.11070757,0.2758978,0.33874214,0.12240642,0.16401073,-0.23776156,-0.012328077,-0.42712063,-0.33198237,-0.03386189,-0.116251886,-0.36016798,0.0049347878,0.25881177,-0.05921948,0.11370015,0.011058599,0.22803456,-0.1763388,0.1568827,0.19267392,-0.03579122,0.34955662
2018,0.31364742,0.14383192,-0.11464456,0.109937906,0.49493665,0.34321812,0.06617352,0.33505023,0.08201462,0.013724549,-0.12296579,-0.042341597,0.3871708,0.095130265,0.31539893,0.35214192,0.16050927,0.043369487,-0.20237151,-0.0006617401,-0.42829198,-0.42876312,-0.2049804,-0.07177186,-0.36288077,-0.011681879,0.28765577,-0.033894017,-0.008167893,-0.056066148,0.25701165,-0.044031225,0.13671671,0.18903518,-0.05231847,0.3257519
2019,0.27540413,0.08461616,-0.09382166,0.06401734,0.43855608,0.17225556,0.058299836,0.33090723,-0.106860906,-0.0729516,-0.1104105,-0.09956059,0.44321316,0.046551142,0.19899847,0.2606516,0.14048997,0.053098023,-0.16160405,0.0040052626,-0.3692258,-0.38025624,-0.0035495907,-0.2442147,-0.302094,-0.02170758,0.23816049,-0.020598821,0.15865166,-0.026608989,0.21410045,-0.049092762,0.10305344,0.120354235,-0.017300792,0.22340769
2020,0.15791976,-0.008466714,-0.0692097,0.12669162,0.22527075,0.07775115,0.067258716,0.33994973,-0.018035159,-0.05850431,-0.12375865,-0.08289827,0.22564447,0.03939554,0.2714041,0.37843287,0.059277106,0.105392426,-0.15197484,-0.035419323,-0.22712946,-0.15801203,-0.10572349,0.04575962,-0.21125194,-0.0012560785,0.13001539,0.13515835,0.26219857,-0.024393957,0.33903733,-0.14081174,0.13233589,0.06347314,0.06886274,0.19580904
2021,0.24764335,0.0057371743,-0.11788638,0.044220466,0.28969103,0.09388464,0.051344544,0.34413204,0.022815704,-0.031170959,-0.13422848,-0.15224555,0.4594038,0.0898226,0.19253117,0.3072446,0.14294577,0.033523105,-0.15643494,-0.0968063,-0.36552972,-0.23834649,-0.15704419,-0.26687264,-0.29938072,-0.03293482,0.23249993,0.038483292,0.2502474,-0.121074595,0.21742201,-0.1303294,0.08298162,0.08024793,0.0027336925,0.16322955
