GDP per capita,year,tight,loose,indi,coll,old_care_vir,young_care_vir,old_fare_vir,young_fare_vir,old_loya_vir,young_loya_vir,old_auth_vir,young_auth_vir,old_sanc_vir,young_sanc_vir,old_care_vic,young_care_vic,old_fare_vic,young_fare_vic,old_loya_vic,young_loya_vic,old_auth_vic,young_auth_vic,old_sanc_vic,young_sanc_vic,old_care,old_fare,old_loya,old_auth,old_sanc,old_virtue,old_vice,young_care,young_fare,young_loya,young_auth,young_sanc,young_virtue,young_vice,old_positive,young_positive,old_negative,young_negative,old_warm,young_warm,old_unwarm,young_unwarm,old_competent,young_competent,old_incompetent,young_incompetent,oa_care_vic,ya_care_vic,oa_care_vir,ya_care_vir,oa_loya_vic,ya_loya_vic,oa_loya_vir,ya_loya_vir,oa_auth_vic,ya_auth_vic,oa_auth_vir,ya_auth_vir,oa_sanc_vic,ya_sanc_vic,oa_sanc_vir,ya_sanc_vir,oa_fare_vic,ya_fare_vic,oa_fare_vir,ya_fare_vir,oa_care,oa_loya,oa_auth,oa_sanc,oa_fare,oa_virtue,oa_vice,ya_care,ya_loya,ya_auth,ya_sanc,ya_fare,ya_virtue,ya_vice,ya_diff,ya_sum
799.0,1950,0.0023678380115939,0.0014133978423274,0.0002111562645836,0.0009693750824908,0.077527724,0.16700353,-0.22362202,-0.04833577,-0.06285523,0.29334843,-0.05876819,0.14500506,0.18915425,0.39627746,0.14143397,0.104127154,0.14832161,0.110790804,0.11806773,0.14647982,-0.019143194,-0.09413726,0.11721296,0.18530641,0.14143397,0.14832161,0.11806773,-0.019143194,0.11721296,-0.0157126933336257,0.1011786222457885,0.104127154,0.110790804,0.14647982,-0.09413726,0.18530641,0.1906597375869751,0.0905133843421936,-0.046667963,0.20308396,0.2155185,0.10222091,0.26230606,0.39551786,0.30246562,0.2449491,0.1635989,0.35360885,0.52945185,0.36605865,0.4908189,0.30023992,-0.014116071,0.12274656,0.38635978,0.25552195,-0.032489784,0.30675903,0.03291788,-0.10179567,-0.14025724,0.014930524,0.11537191,0.0569227,0.09970752,0.2615624,0.11496862,0.01664484,-0.17956635,0.03210085,-0.50493497,-0.41884956,-0.17317513,-0.015664391,-0.29453498,-0.053344388,0.22808743,-0.17749336,0.051237077,0.1167262,0.2046397,0.01545601,0.1176016,0.15231559,-0.034713984,0.2699172
950.0,1951,0.002377664309597,0.0013693728802991,0.0001952919523318,0.0008478401311094,0.065940686,0.23318946,-0.25172114,-0.040441126,-0.0398969,0.27583286,-0.0794804,0.18116847,0.20269114,0.40426525,0.16796641,0.22238964,0.20031643,0.22141378,0.19221865,0.20190367,-0.012788899,0.015041932,0.12967141,0.21195713,0.16796641,0.20031643,0.19221865,-0.012788899,0.12967141,-0.0204933285713195,0.135476803779602,0.22238964,0.22141378,0.20190367,0.015041932,0.21195713,0.2108029842376709,0.1745412349700927,-0.067623205,0.2180051,0.16712818,0.16889967,0.2271088,0.41502434,0.3237899,0.31351137,0.11517473,0.3121956,0.4805373,0.37271744,0.5463116,0.43751907,-0.05934968,0.13233238,0.36547476,0.29496038,-0.023234995,0.22761706,0.05784431,0.05142282,-0.14983544,0.05192768,0.11469005,0.13845748,0.09366292,0.28368124,0.13240176,0.2351386,-0.1969503,0.037134044,-0.6056613,-0.38870975,-0.20767975,-0.021027133,-0.32935208,-0.067141496,0.2433445,-0.3051867,-0.067343324,0.0005048588,0.14522377,-0.19800454,0.1182429,0.25382888,-0.135586,0.37207177
1047.0,1952,0.0022666129011289,0.001429752161016,0.0001914108385487,0.0008521259222789,0.14569488,0.2461186,-0.19290176,-0.08657676,0.00051862746,0.32629055,-0.04230149,0.16148564,0.13266549,0.36573106,0.051398616,0.0047550574,0.13358898,0.09837881,0.09053158,0.1478325,-0.078156605,-0.103319176,0.05994731,0.1303204,0.051398616,0.13358898,0.09053158,-0.078156605,0.05994731,0.0087351486086845,0.0514619767665863,0.0047550574,0.09837881,0.1478325,-0.103319176,0.1303204,0.2026098251342773,0.0555935204029083,0.024591144,0.21662265,0.16228521,0.07002854,0.2984702,0.4248599,0.1982288,0.10333547,0.1495342,0.32574895,0.43713537,0.2672252,0.44213986,0.18530917,0.060572878,0.1539418,0.23938124,0.22158484,0.0025856048,0.27081695,0.11234968,-0.038957316,-0.21994868,-0.07596659,0.06238179,0.026250998,0.044719644,0.22964048,0.05318016,0.019320719,-0.1570993,0.0015624631,-0.381567,-0.23679563,-0.33229837,-0.017662145,-0.21027946,-0.053833973,0.18188655,-0.031367376,0.04923211,-0.037009273,0.20338948,-0.017758256,0.09709678,0.108814955,-0.011718176,0.20591173
1157.0,1953,0.0021503207799144,0.0014707932930296,0.0002054181364863,0.0008300026062215,0.06370863,0.23641166,-0.23077223,-0.046209484,-0.016060585,0.29260695,-0.06925612,0.11649241,0.20329392,0.40665329,0.11551437,0.036319844,0.3322466,0.18115905,0.114583805,0.13798064,-0.014784556,-0.0933334,0.020158183,0.05235961,0.11551437,0.3322466,0.114583805,-0.014784556,0.020158183,-0.0098172783851623,0.113543677330017,0.036319844,0.18115905,0.13798064,-0.0933334,0.05235961,0.2011909484863281,0.0628971517086029,-0.019257784,0.20761591,0.16658679,0.09352289,0.26566994,0.4416504,0.2992664,0.19250225,0.1522884,0.3799864,0.6294333,0.43345362,0.43204182,0.21592027,-0.004270468,0.17807278,0.3221594,0.17236052,0.012624934,0.27685526,0.079356894,0.009482883,-0.19068974,-0.031701393,0.038874507,0.019799683,0.15640464,0.3475817,0.23235153,0.12976025,-0.13293111,0.08485252,-0.4363123,-0.3095345,-0.27004665,0.11753014,-0.36528265,-0.03177235,0.22095683,-0.03784749,0.104494736,-0.041184276,0.32778203,-0.044907734,0.14471431,0.14491384,-0.00019952655,0.28962815
1049.0,1954,0.0019928445323265,0.0016114866514129,0.0002051171959495,0.0008252079824322,0.059472628,0.24075171,-0.24628225,-0.118399255,-0.09938192,0.26552105,-0.07705076,0.14502755,0.11889109,0.35303292,0.093893215,0.04026095,0.22176224,0.131859,0.09697619,0.0904551,-0.028078247,-0.11746025,0.113127366,0.11261444,0.093893215,0.22176224,0.09697619,-0.028078247,0.113127366,-0.0488702476024627,0.0995361566543579,0.04026095,0.131859,0.0904551,-0.11746025,0.11261444,0.1771867990493774,0.0515458464622497,-0.051872306,0.20754573,0.260382,0.17596805,0.23910905,0.4272902,0.38008368,0.21127856,0.11410308,0.40914798,0.5540913,0.35990712,0.48834443,0.29716435,-0.04967099,0.14977795,0.13271444,0.0672057,-0.056214496,0.21554622,-0.06508582,-0.095714465,-0.18168761,-0.07339683,0.08007439,0.047301814,0.033671156,0.24285255,0.032631114,0.034490038,-0.15453914,0.022034645,-0.5380154,-0.18892893,-0.11660179,-0.046403237,-0.18717025,-0.08168822,0.1337357,-0.1473864,0.14834052,0.022317633,0.19555074,-0.012455393,0.08343334,0.08052698,0.0029063597,0.16396031
1119.0,1955,0.0019432719136602,0.0016583807527002,0.0002070813354099,0.0008666974782564,0.04753791,0.22299376,-0.24136358,-0.1728552,-0.04989018,0.30355307,-0.05513478,0.14677149,0.16417542,0.42182562,0.14504983,0.033456713,0.11176729,-0.018312283,0.13991281,0.13441804,0.0036015287,-0.07709399,0.17480503,0.14468157,0.14504983,0.11176729,0.13991281,0.0036015287,0.17480503,-0.0269350409507751,0.1150272965431213,0.033456713,-0.018312283,0.13441804,-0.07709399,0.14468157,0.1844577550888061,0.0434300124645233,0.0127228685,0.21201822,0.22664452,0.13014483,0.282652,0.42532998,0.46134418,0.28846538,0.26243445,0.46848232,0.69029963,0.39952302,0.46376675,0.22851378,-0.040996093,0.12975973,0.34526038,0.19926497,-0.056493767,0.2698294,-0.07279526,-0.090297885,-0.18552619,-0.16029055,0.15802418,0.1491208,0.07643315,0.29205108,-0.03800707,-0.09159523,-0.18426678,-0.081814066,-0.5047628,-0.40175414,-0.112730935,-0.081591025,-0.14625971,-0.078169934,0.17124979,-0.09875405,0.07056442,-0.06999267,0.14293028,0.009781167,0.06550697,0.1233778,-0.057870828,0.18888476
1189.0,1956,0.0020217791285241,0.0017135152264365,0.0001936896075628,0.0008637386862022,0.076694295,0.2048883,-0.26227403,-0.15865982,-0.03993193,0.24722147,0.037292447,0.16676813,0.21711338,0.3894564,0.017700162,-0.06305444,0.15612519,0.08432619,0.10995332,0.082806304,-0.06305672,-0.10516009,0.1646827,0.087998234,0.017700162,0.15612519,0.10995332,-0.06305672,0.1646827,0.005778831243515,0.0770809292793273,-0.06305444,0.08432619,0.082806304,-0.10516009,0.087998234,0.1699348926544189,0.0173832401633262,-0.017709387,0.19189927,0.20023787,0.13139309,0.31880417,0.42543232,0.4436013,0.2841637,0.23348661,0.4145887,0.5694686,0.31401417,0.33185917,0.1903278,-0.051150456,0.06652523,0.40179706,0.22529627,0.011102198,0.2741717,-0.027541269,-0.091625474,-0.10242504,-0.08310413,0.13300188,0.042594388,0.10978313,0.24850646,-0.06763521,-0.014894433,-0.20504668,-0.07704212,-0.3830096,-0.39069486,-0.074883774,-0.023218751,-0.13741148,-0.04754737,0.15429632,-0.123802565,0.048875436,0.008521341,0.20591207,-0.062147684,0.073359884,0.12558259,-0.052222706,0.19894248
1195.0,1957,0.001941861727427,0.0017376546626895,0.0001754484007377,0.0008298817760256,0.053825457,0.20481157,-0.27179024,-0.11423626,-0.100312494,0.18098979,-0.030176222,0.15129817,0.20944315,0.35488066,0.004233744,0.027627861,0.12382812,0.120930076,0.069638565,0.06970459,-0.095378146,-0.10176741,0.14383489,0.1624045,0.004233744,0.12382812,0.069638565,-0.095378146,0.14383489,-0.0278020679950714,0.0492314338684082,0.027627861,0.120930076,0.06970459,-0.10176741,0.1624045,0.1555487871170044,0.0557799220085144,-0.019584952,0.18429786,0.13906677,0.19579394,0.3255195,0.44628632,0.36773342,0.30891684,0.14938141,0.36051637,0.4732484,0.40453076,0.3418076,0.28258437,-0.058072075,0.11952099,0.2773521,0.19009344,-0.08689737,0.1542814,-0.10786773,-0.15545192,-0.21170613,-0.10819526,0.1130849,0.09597921,0.15429531,0.26247343,-0.013022931,0.052290145,-0.21748376,-0.06131161,-0.3998797,-0.36424947,-0.1038384,0.041210413,-0.20446083,-0.0839728,0.122270785,-0.16306338,-0.03581205,0.047256663,0.16649422,-0.11360176,0.046645265,0.1238079,-0.07716264,0.17045316
1173.0,1958,0.0018974398410754,0.0018207776588567,0.0001821682510728,0.0009134100286749,0.19045106,0.21092755,-0.23984896,-0.17914993,-0.056644693,0.14668345,0.041326713,0.15462893,0.16967815,0.30287474,0.035735577,-0.015150892,0.074593276,-0.0018412806,0.0153132565,-0.021083783,-0.04871639,-0.11132652,0.037672132,0.027086262,0.035735577,0.074593276,0.0153132565,-0.04871639,0.037672132,0.0209924548864364,0.0229195699095726,-0.015150892,-0.0018412806,-0.021083783,-0.11132652,0.027086262,0.1271929502487182,-0.0244632422924041,-0.01566216,0.14177987,0.13672565,0.090930395,0.35226226,0.3723212,0.3222829,0.19850206,0.09863605,0.264256,0.4785792,0.31765258,0.3578487,0.1706631,0.024099417,0.06659881,0.09549754,0.032062307,-0.04981632,0.105898224,-0.0706308,-0.16599855,-0.13746834,-0.09898023,0.034918256,-0.016634023,0.10579947,0.21165872,-0.12105125,-0.12410057,-0.16756415,-0.0975652,-0.3337493,-0.14531386,-0.066837534,0.07088121,-0.0465129,-0.044989984,0.059316494,-0.10406429,0.07383592,0.067018315,0.22829273,0.026535377,0.022965664,-0.0014183646,0.02438403,0.021547299
1117.0,1959,0.0019128666210852,0.0018202764923011,0.0001830436391873,0.0009228634521361,0.18639678,0.2523455,-0.2615402,-0.15424706,-0.035528533,0.18931636,0.035868157,0.1493432,0.15726277,0.3602156,0.108099386,0.045261636,0.05044573,0.002098538,0.054029744,0.06988973,-0.021115877,-0.07809989,0.16353878,0.12249756,0.108099386,0.05044573,0.054029744,-0.021115877,0.16353878,0.0164917945861816,0.0709995567798614,0.045261636,0.002098538,0.06988973,-0.07809989,0.12249756,0.1593947172164917,0.0323295146226882,0.0015007518,0.18587759,0.24481948,0.16317064,0.30208516,0.4035496,0.32161134,0.21714917,0.093565956,0.31049216,0.50123394,0.3401868,0.37994337,0.22672963,0.049973466,0.12763166,0.093827635,0.07365943,-0.00095289946,0.15008624,0.0020103455,-0.09289606,-0.14883386,-0.15134445,0.11858107,0.067734376,0.11038146,0.26223946,-0.09437075,-0.104096204,-0.18776192,-0.05333779,-0.3299699,-0.094780535,-0.1508442,-0.00819961,-0.093391165,-0.03543875,0.09999834,-0.09909797,0.07642681,-0.05844839,0.19450508,0.050758414,0.05572037,0.044159796,0.011560574,0.09988017
1057.0,1960,0.0020095597553303,0.0018171309293301,0.0001775353648072,0.0009407795831829,0.16634661,0.19238475,-0.26528442,-0.20931575,-0.049781684,0.17822555,0.00692649,0.11762132,0.08429267,0.3058324,-0.0034897756,-0.06632731,0.12935312,0.01921931,-0.0160907,-0.008812085,-0.10582809,-0.14373711,0.036701504,0.009349544,-0.0034897756,0.12935312,-0.0160907,-0.10582809,0.036701504,-0.0115000650286674,0.0081292115151882,-0.06632731,0.01921931,-0.008812085,-0.14373711,0.009349544,0.1169496536254882,-0.0380615323781967,-0.04696746,0.0887644,0.17014031,0.061266385,0.28492764,0.3568956,0.17002478,0.062502906,0.06908027,0.30530733,0.5111848,0.34721577,0.3015164,0.14911422,-0.020452533,0.044976346,0.13143289,0.09559904,-0.095670424,0.08154565,-0.058560792,-0.104772516,-0.14858955,-0.1382665,0.01910181,-0.054586694,0.003205968,0.1785402,-0.01836073,-0.042772837,-0.18978497,-0.12772942,-0.32196894,-0.22710332,-0.09002876,-0.015895842,-0.17142424,-0.09025831,0.075025916,-0.104137875,-0.014053389,-0.03349399,0.2331269,-0.08495658,-0.009434025,0.029002348,-0.03843637,0.019568324
874.0,1961,0.0020122009699922,0.001781193857463,0.0001755801529955,0.0009080513891197,0.14268991,0.25556678,-0.26965627,-0.18467529,-0.08141035,0.20718046,0.026643807,0.16324794,0.16162527,0.33251858,-0.0050566867,-0.012045277,0.1565627,0.037287872,-0.06489102,-0.011018967,-0.153593,-0.11010903,-0.024773814,0.01984743,-0.0050566867,0.1565627,-0.06489102,-0.153593,-0.024773814,-0.0040215253829956,-0.0183503657579422,-0.012045277,0.037287872,-0.011018967,-0.11010903,0.01984743,0.1547676920890808,-0.0152075946331024,0.006456025,0.16703127,0.17332399,0.11605073,0.31757933,0.40837872,0.22397408,0.1756886,0.15665698,0.30509287,0.52034104,0.3200696,0.4040575,0.25194928,-0.050265,0.08839129,0.09472713,-0.0008343272,-0.10803718,0.11480816,-0.19407654,-0.14884928,-0.16094127,-0.16070983,-0.07464597,-0.038827978,0.039924808,0.17306705,0.050394047,0.029193595,-0.24967326,-0.13068134,-0.45432252,-0.2027643,0.033135265,0.114570774,-0.3000673,-0.105798386,0.056091238,-0.16355799,0.11564249,-0.011860549,0.21189502,-0.15987493,-0.0038603086,0.031226404,-0.035086714,0.027366096
926.0,1962,0.0020109888016902,0.0017754553675583,0.0001828938364205,0.0008980330450226,0.13359201,0.25454643,-0.22220038,-0.14513876,-0.0637072,0.24279056,0.08935145,0.20358555,0.15725023,0.3291152,0.0002508089,-0.015665848,0.22046222,0.12127042,0.02741864,0.123537794,-0.18392134,-0.14803696,0.037396725,0.083494425,0.0002508089,0.22046222,0.02741864,-0.18392134,0.037396725,0.0188572213053703,0.0203214108943939,-0.015665848,0.12127042,0.123537794,-0.14803696,0.083494425,0.1769798040390014,0.03291996717453,0.040341392,0.19069925,0.21773018,0.1533956,0.3302169,0.41036654,0.37571353,0.2621649,0.2718561,0.3804119,0.6247072,0.42332596,0.30765417,0.22016671,-0.05736762,0.0683445,0.2738122,0.19366278,-0.11393339,0.117617995,-0.1556064,-0.16203997,-0.10000852,-0.11612349,0.004825644,-0.008385869,0.05091733,0.19027895,-0.04068227,-0.020420484,-0.2412006,-0.11565176,-0.3650218,-0.3877456,0.055597886,0.046091687,-0.20051832,-0.09231856,0.07800068,-0.15182221,-0.07604478,0.045916475,0.19866481,-0.09523127,0.005088801,0.082799226,-0.07771043,0.087888025
1034.0,1963,0.0020132025828323,0.0017218104503911,0.00017299659664,0.0008484134696971,0.15475489,0.24274829,-0.26185524,-0.14515403,-0.087154135,0.15785941,0.046538785,0.22866544,0.16111153,0.34586644,0.004674796,-0.09470584,0.04785397,-0.078835,0.010413241,-0.018752437,-0.1647606,-0.25975683,0.0013011806,-0.030412838,0.004674796,0.04785397,0.010413241,-0.1647606,0.0013011806,0.0026791661977767,-0.0201034843921661,-0.09470584,-0.078835,-0.018752437,-0.25975683,-0.030412838,0.1659971117973327,-0.09649258852005,-0.045829725,0.14227538,0.219414,0.092512205,0.23782462,0.36934114,0.20022044,0.08764555,0.19659385,0.29122347,0.6063373,0.3903569,0.31358594,0.13598281,-0.10620784,0.032304764,0.10462631,-0.027112134,-0.16214508,0.0034497716,0.023677155,-0.09971762,-0.121748365,-0.0894645,-0.0044433624,-0.04520245,0.06808528,0.19725795,-0.10318987,-0.0784692,-0.23800926,-0.119571775,-0.41979378,-0.26677138,-0.14542553,0.072528645,-0.13481939,-0.112005055,0.066851236,-0.10367805,0.030561905,0.0102531165,0.2424604,-0.041102573,-0.023028145,-0.0016487142,-0.02137943,-0.02467686
1152.0,1964,0.0020260882906281,0.0016427392544276,0.0001763944827562,0.0008618056084474,0.17380296,0.28982717,-0.33732423,-0.19644856,-0.14236674,0.15141323,-0.038614154,0.18129492,0.12373693,0.25543642,-0.056035943,-0.10063529,0.0029154941,-0.08754136,-0.027692102,-0.011703213,-0.21860027,-0.20903108,-0.04772862,-0.07544084,-0.056035943,0.0029154941,-0.027692102,-0.21860027,-0.04772862,-0.0441530436277389,-0.0694282889366149,-0.10063529,-0.08754136,-0.011703213,-0.20903108,-0.07544084,0.1363046407699585,-0.0968703508377075,-0.061470233,0.084010206,0.18406714,0.117431216,0.23404321,0.33367294,0.1554465,0.06795123,0.21229582,0.28494477,0.5262362,0.31411332,0.14242493,-0.008115787,-0.09095622,0.05706715,0.08527516,0.040952846,-0.2109353,0.009727776,-0.19778536,-0.19746104,-0.29020503,-0.18067238,-0.054392602,-0.06940919,0.031552657,0.15099886,-0.13419084,-0.059001677,-0.31358296,-0.16331649,-0.23338115,-0.29621047,-0.09241967,0.08594526,-0.17939211,-0.17482537,-0.031733744,0.06518294,-0.03122507,0.016788661,0.22040805,-0.10431481,-0.056188393,-0.034626614,-0.02156178,-0.09081501
1253.0,1965,0.0019501412093144,0.0015989135199276,0.0001581272675334,0.0008322552640355,0.15500715,0.22211558,-0.28623295,-0.19670776,-0.07199943,0.21096213,0.015899386,0.13967168,0.10211279,0.21640754,-0.07938886,-0.15341572,0.04826228,-0.026024338,-0.12661038,-0.08146024,-0.26615685,-0.24528314,-0.14728782,-0.1347468,-0.07938886,0.04826228,-0.12661038,-0.26615685,-0.14728782,-0.0170426085591316,-0.1142363309860229,-0.15341572,-0.026024338,-0.08146024,-0.24528314,-0.1347468,0.1184898376464843,-0.1281860470771789,-0.088003896,0.079023644,0.13780947,0.048616186,0.22227575,0.3055322,0.10114606,0.03091764,0.14713213,0.25095034,0.51180667,0.26566422,0.14054418,-0.08800418,-0.041151155,0.08302502,-0.028242797,-0.04834,-0.18413,0.053529125,-0.23148303,-0.19992453,-0.15307434,-0.16304031,-0.1704346,-0.13060687,-0.033848666,0.05642116,-0.07443201,-0.030106805,-0.2782747,-0.16396153,-0.18169533,-0.1558872,0.07840869,0.13658592,-0.20384267,-0.13809577,-0.07280965,0.17102921,0.10186912,0.03688422,0.18702804,-0.13385472,-0.05302609,-0.08753753,0.034511436,-0.14056362
1261.0,1966,0.0020415777445675,0.0015333564869633,0.0001427745193041,0.0008012761576432,0.26221853,0.14078847,-0.29079652,-0.23606423,-0.120603144,0.092407435,0.081787944,0.17392997,0.05904764,0.108278364,-0.08123301,-0.107859686,0.101000726,0.031854387,-0.1502969,-0.054392427,-0.21747547,-0.16608128,-0.15882966,-0.10714899,-0.08123301,0.101000726,-0.1502969,-0.21747547,-0.15882966,-0.0016691088676452,-0.1013668537139892,-0.107859686,0.031854387,-0.054392427,-0.16608128,-0.10714899,0.0558680057525634,-0.0807255983352661,-0.13482642,-0.03562122,0.091071546,0.0022106655,0.21622789,0.19079459,0.08449043,0.019851433,-0.02051534,0.07822583,0.41726696,0.16347025,0.12226689,-0.09865275,0.07271709,0.012296636,-0.14951973,-0.11894691,-0.26301283,-0.0810911,-0.25624448,-0.17538886,-0.102371715,0.036063313,-0.26570702,-0.1561503,-0.054798484,0.011819828,0.11873177,0.0925446,-0.23449585,-0.16033405,-0.049549796,-0.1134931,0.15387276,0.21090853,-0.35322762,-0.11639235,-0.08609451,0.11094938,0.03785581,0.21145217,0.16797012,-0.25287867,-0.07404303,-0.10101899,0.02697596,-0.17506202
1237.0,1967,0.0020246552698007,0.0014915747212813,0.0001186020824255,0.0007792937209834,0.2488509,0.16261107,-0.17917788,-0.008894192,-0.013229325,0.23962475,0.043503467,0.056885403,0.22252434,0.17844617,-0.11590498,0.007377699,-0.013170796,0.021446664,-0.19469944,-0.010740913,-0.2429386,-0.05420418,-0.18760101,-0.061806925,-0.11590498,-0.013170796,-0.19469944,-0.2429386,-0.18760101,0.0644942998886108,-0.150862967967987,0.007377699,0.021446664,-0.010740913,-0.05420418,-0.061806925,0.1257346391677856,-0.0195855319499969,-0.06283754,0.094783075,0.021982238,0.051278323,0.2619573,0.27811274,0.028971594,0.032881856,0.16622871,0.18966879,0.36466405,0.18410751,0.16478871,0.1228212,0.08661693,0.10648769,-0.10988188,-0.14480135,-0.13477176,0.09666066,-0.2677124,-0.2173582,-0.16188625,-0.15789859,-0.25167865,-0.16522904,0.040266298,0.12750582,0.0025672112,0.13636728,-0.1725786,-0.063309856,-0.078171775,-0.024889886,0.10582617,0.29194495,-0.17514582,-0.06847067,-0.0923834,-0.016333506,0.241462,0.05945961,0.29273486,-0.19967714,-0.004221006,-0.063013665,0.05879266,-0.06723467
1178.0,1968,0.0020229475968156,0.0014450038602059,0.0001195928391877,0.0007418141647568,0.23274155,0.105402164,-0.2682972,0.025216157,-0.018700292,0.16873622,0.036284663,0.1562016,0.14232436,0.07978523,-0.10406971,0.09847386,0.077648364,0.20622005,-0.11636528,0.002314888,-0.28324285,-0.06398274,-0.21304971,-0.029361486,-0.10406971,0.077648364,-0.11636528,-0.28324285,-0.21304971,0.024870616197586,-0.127815842628479,0.09847386,0.20622005,0.002314888,-0.06398274,-0.029361486,0.1070682764053344,0.0427329152822494,-0.14111789,0.07644425,0.062024307,0.13687184,0.2164846,0.19035152,0.032891806,0.12736294,0.09563494,0.15607226,0.35877126,0.272996,0.25870162,0.31687796,0.074525714,0.06436496,0.026334267,0.007308714,-0.12749419,0.024147015,-0.3046302,-0.22706369,-0.047415994,0.103147335,-0.2402699,-0.20117563,0.013400136,0.11657471,-0.04682064,0.1461626,-0.26703793,0.01139248,-0.18417591,-0.15382846,0.2572142,0.25367004,-0.22021729,-0.070804454,-0.06133697,-0.252513,0.016838301,0.330211,0.31775033,-0.13477013,0.032022055,0.011407371,0.020614684,0.043429427
1264.0,1969,0.0020550113745311,0.0014355117289182,0.0001327604295348,0.0007020524778909,0.2310737,0.12955904,-0.27378514,-0.13469502,-0.060293254,0.07209685,-0.028951835,0.15281737,0.13992648,0.066295,-0.03442505,0.031749584,0.15113613,0.14733577,-0.115680344,-0.11412197,-0.23406576,-0.03484911,-0.10490514,0.010697007,-0.03442505,0.15113613,-0.115680344,-0.23406576,-0.10490514,0.0015939891338348,-0.0675880312919616,0.031749584,0.14733577,-0.11412197,-0.03484911,0.010697007,0.0572146475315094,0.0081622533500194,-0.15029001,0.0051978156,0.111107215,0.09069991,0.16206446,0.21589643,0.055725418,0.13043407,-0.010902576,0.1152314,0.48068845,0.34019393,0.35825253,0.12831822,0.1071437,0.095103815,0.028396212,-0.17325652,-0.15336058,-0.032678805,-0.24105667,-0.19723308,-0.070780054,0.0010844022,-0.111059114,-0.0643942,0.05015162,-0.02159629,-0.024660902,0.085405976,-0.19333492,-0.12509364,-0.25110883,-0.1817568,0.17027661,0.16121073,-0.16867402,-0.052036047,0.0019744125,-0.033214405,0.1405777,0.19831748,0.04279791,-0.21049961,-0.039423514,-0.03212723,-0.007296283,-0.07155074
1398.0,1970,0.0021450991141997,0.0014736966213644,0.0001566739941754,0.0007072280300073,0.2958743,0.31115243,-0.24167578,-0.11040342,-0.0861551,0.18898168,0.118868575,0.23165761,0.06920846,0.010874629,-0.038615014,-0.040325806,0.16400632,0.07321213,-0.020151332,-0.028551238,-0.14083278,-0.03620397,-0.07570405,0.007879745,-0.038615014,0.16400632,-0.020151332,-0.14083278,-0.07570405,0.0312240898609161,-0.022259372472763,-0.040325806,0.07321213,-0.028551238,-0.03620397,0.007879745,0.1264525890350341,-0.0047978274524211,-0.1708462,0.019371297,0.17460264,0.070398085,0.147727,0.19709928,0.015772603,0.019404717,0.08737367,0.119669124,0.48015824,0.23524079,0.19705066,0.005647421,0.08173978,0.19328462,0.2164551,-0.013096392,-0.15223779,0.078170955,-0.22383799,-0.16221496,0.0045086853,0.06715244,-0.12820135,-0.15975448,-0.003414292,-0.022108816,-0.058823578,0.067530856,-0.18462712,-0.022219475,-0.11531088,-0.36869287,0.22834668,0.12478706,-0.12580353,-0.050806142,0.0005285695,0.1876372,0.09126735,0.2293674,0.13764566,-0.089750335,0.023673654,-0.007572077,0.03124573,0.016101576
1446.0,1971,0.0022021233385934,0.0015342329314965,0.0001877088410537,0.0006784373221405,0.20602879,0.29360917,-0.2361405,-0.12773469,-0.0304669,0.3362649,0.12939778,0.31691122,0.0061972737,0.16585451,-0.0024887687,-0.019791868,0.10725824,0.03940792,0.022362672,0.040894385,-0.08198304,-0.017245753,-0.08031726,0.058090653,-0.0024887687,0.10725824,0.022362672,-0.08198304,-0.08031726,0.0150032877922058,-0.0070336297154426,-0.019791868,0.03940792,0.040894385,-0.017245753,0.058090653,0.1969810247421264,0.0202710688114166,-0.12729387,0.09045549,0.22044355,0.054528266,0.10869539,0.23862506,0.10492374,0.095249,0.102117755,0.18189433,0.49279976,0.2456882,0.126351,-0.043555852,-0.057641096,0.1667563,0.07443713,-0.013173394,-0.12851389,0.1517562,-0.15418276,-0.107565716,0.08797052,0.1551542,-0.14957467,-0.06298894,-0.106706224,0.042976283,0.031432558,0.21049632,-0.23149574,-0.0478156,-0.18399209,-0.20295101,0.24215329,0.042868443,-0.2629283,-0.087277286,-0.01430735,0.21031216,0.1649296,0.26271993,0.10596522,-0.25831193,0.056718916,0.0096082585,0.04711066,0.06632718
1431.0,1972,0.0023599155444782,0.0015730937410296,0.0002240677464036,0.000682278723681,0.21232381,0.26753488,-0.30926728,-0.18728508,-0.12106209,0.3040657,0.08024353,0.2680422,0.014001689,0.22063418,-0.008032845,-0.11685954,0.090992585,-0.030874388,-0.01608228,-0.0034255013,-0.035939805,-0.06197183,-0.03586698,-0.021896016,-0.008032845,0.090992585,-0.01608228,-0.035939805,-0.03586698,-0.0247520700097084,-0.0009858645498752,-0.11685954,-0.030874388,-0.0034255013,-0.06197183,-0.021896016,0.1745983719825744,-0.0470054566860198,-0.11684546,0.14109966,0.18310311,0.026820082,0.17334823,0.31573927,0.035214044,-0.0047980472,0.093576446,0.24285427,0.40753004,0.20053858,0.11654137,-0.107000604,-0.04591334,0.08236669,0.048176065,-0.04976795,-0.22137533,0.11181231,-0.15942998,-0.12781318,-0.053203046,-0.018286364,-0.13069627,-0.12939876,-0.07486038,0.03514502,-0.059021443,0.012220494,-0.28162444,-0.13490842,-0.16245471,-0.2695514,0.106226936,0.055835888,-0.222603,-0.13539532,-0.03688605,0.1893673,0.16158026,0.10952681,0.16454378,-0.14712891,-0.024207683,-0.058930654,0.03472297,-0.08313834
1513.0,1973,0.002379180467098,0.0016173050488512,0.0002430775573511,0.0006645345831738,0.19431269,0.26726907,-0.28438336,-0.18090785,-0.10210635,0.19805238,0.063645385,0.25946593,0.013732046,0.18043453,0.043109618,-0.15647376,0.15041076,0.014806416,0.06738356,-0.0621557,-0.02235878,-0.1726684,0.0020235535,-0.0864068,0.043109618,0.15041076,0.06738356,-0.02235878,0.0020235535,-0.0229599177837371,0.048113739490509,-0.15647376,0.014806416,-0.0621557,-0.1726684,-0.0864068,0.1448628067970276,-0.0925796449184417,-0.10297921,0.090352595,0.25005278,0.08139838,0.14199714,0.3003596,0.15273303,-0.019872457,0.025117412,0.16579905,0.55507696,0.30573985,0.19426021,-0.085360445,-0.06221267,0.050491847,0.15089399,-0.027325088,-0.19851686,0.076175526,-0.059181258,-0.22591436,-0.14208195,-0.10591338,-0.012179092,-0.12128818,-0.09673086,0.06256723,-0.0023559853,-0.00425718,-0.2565958,-0.119636886,-0.2564729,-0.34941083,-0.08290069,-0.08455177,-0.2542398,-0.15122762,0.054287575,0.13585229,0.10350061,0.12000098,0.18385541,-0.115379706,-0.039138753,-0.052208543,0.01306979,-0.09134729
1519.0,1974,0.0024472996863421,0.0016670622594655,0.0002564915206245,0.0006621787935614,0.1950331,0.24392986,-0.3036182,-0.16878098,-0.11428245,0.22410499,0.033810508,0.223629,0.0018759966,0.1446487,0.0977682,-0.09340724,0.19712916,-0.006898232,0.042666893,-0.13276587,0.06399189,-0.09656518,0.03170721,-0.08480429,0.0977682,0.19712916,0.042666893,0.06399189,0.03170721,-0.0374362081289291,0.0866526663303375,-0.09340724,-0.006898232,-0.13276587,-0.09656518,-0.08480429,0.1335063219070434,-0.0828881680965423,-0.12062054,0.09477226,0.17555411,-0.0186509,0.15380314,0.2735891,0.15353286,0.027941003,0.06768878,0.12771177,0.5260042,0.26422083,0.32164493,0.016493417,-0.043675847,0.0505021,0.08235645,-0.113683835,-0.2087597,0.117031485,0.05137324,-0.15227908,-0.011610808,-0.076182425,0.0031167604,-0.1212401,-0.091839075,0.022412807,0.19092545,0.11700924,-0.26023078,-0.08619322,-0.36532077,-0.29111615,-0.06298405,-0.09495583,-0.45115623,-0.12322323,0.12988336,0.03400868,0.23071532,0.076096654,0.14365292,-0.20320246,-0.030198159,-0.028557317,-0.0016408414,-0.058755476
1594.0,1975,0.0024357597139247,0.001762874232073,0.0002645859130154,0.0006895054491695,0.20419037,0.22554398,-0.28554776,-0.169022,-0.10130647,0.18102181,0.07110426,0.19501896,0.1122081,0.11325416,-0.020770926,-0.14545411,-0.034934692,-0.123222575,-0.040024787,-0.08312014,-0.0903589,-0.098058194,-0.040710576,-0.10697994,-0.020770926,-0.034934692,-0.040024787,-0.0903589,-0.040710576,0.0001296997070312,-0.0453599750995636,-0.14545411,-0.123222575,-0.08312014,-0.098058194,-0.10697994,0.1091633796691894,-0.1113669872283935,-0.096467905,0.08572525,0.17579672,0.038339905,0.16989404,0.2395458,0.12355081,-0.026376799,0.03990704,0.16498065,0.4278233,0.16249283,0.092231095,-0.105933934,-0.060236916,0.02541896,0.016958073,-0.11298982,-0.22791755,0.05706364,-0.16627431,-0.15821059,-0.1062839,-0.12091526,-0.0065161064,-0.091004014,0.051188134,0.07585906,-0.051797055,0.019581333,-0.2671419,-0.15479265,-0.15246801,-0.24487562,0.059990406,0.05770424,-0.21534485,-0.12207843,-0.02307966,0.1313529,0.17005345,0.037295334,0.16686308,-0.17437398,-0.0575473,-0.07193316,0.014385857,-0.12948045
1519.0,1976,0.0024510967989824,0.0018534806541334,0.0002777476193541,0.0007171115555999,0.22297126,0.23847203,-0.2690229,-0.07692778,-0.03177552,0.16357198,0.1479407,0.20640016,0.22476377,0.14359023,-0.07072246,-0.123432234,0.009405717,0.0497292,-0.13352183,-0.1220118,-0.26443607,-0.21922699,-0.109523535,-0.10751718,-0.07072246,0.009405717,-0.13352183,-0.26443607,-0.109523535,0.0589754581451416,-0.1137596368789672,-0.123432234,0.0497292,-0.1220118,-0.21922699,-0.10751718,0.1350213170051574,-0.1044918060302734,-0.093389094,0.039492168,0.0584006,0.04244885,0.32821396,0.26445326,0.011651576,-0.05690137,0.06700003,0.14424272,0.40855896,0.3024777,-0.0021641813,-0.094305426,-0.032809477,0.07799655,-0.054232758,-0.2639528,-0.24148129,-0.010954801,-0.23612288,-0.25359282,-0.06594737,0.033717204,-0.09867088,-0.13805997,0.110965,0.09286439,-0.01116218,0.039688073,-0.21129194,-0.041295823,-0.030645296,-0.18724853,0.17017551,0.20963588,-0.20012976,-0.088113025,-0.08047058,0.17230198,0.252998,0.28731003,0.23092437,-0.08098389,-0.014858961,-0.1274093,0.11255033,-0.14226826
1583.0,1977,0.0023510515091922,0.0019301410453778,0.0003016055064912,0.0007209409114027,0.25236532,0.26157045,-0.25046897,-0.07631021,0.0066787396,0.29909015,0.13538729,0.26043263,0.18862885,0.2415335,-0.031443655,-0.09555113,0.14614353,0.12762824,0.053357497,0.048623573,-0.16775191,-0.10495959,-0.05038244,-0.02353862,-0.031443655,0.14614353,0.053357497,-0.16775191,-0.05038244,0.0665182471275329,-0.010015396028757,-0.09555113,0.12762824,0.048623573,-0.10495959,-0.02353862,0.1972633123397827,-0.0095595061779022,-0.021949539,0.13899656,0.1333212,0.06540243,0.34120303,0.3042621,0.17279558,0.1119805,0.1374959,0.2742771,0.52122974,0.32411298,0.019385196,-0.076123774,0.048854083,0.08888079,0.020053716,-0.116979964,-0.16368634,0.103721626,-0.18559845,-0.20193271,-0.055939857,0.00656398,-0.08406427,-0.10164791,0.11327466,0.14153498,0.056652233,0.2290312,-0.19430543,-0.023872443,0.029468887,-0.18374005,0.1296586,0.19733894,-0.25095767,-0.05036057,-0.034714315,0.16500457,0.22070159,0.20849669,0.2431829,-0.25290364,0.025523767,-0.04126657,0.06679034,-0.015742805
1744.0,1978,0.0022842836085276,0.0020751532791591,0.0003115183242528,0.0007427891610681,0.13274074,0.27984238,-0.24787608,-0.115974344,0.060499843,0.33205086,0.16502908,0.30957264,0.24205764,0.39417192,0.05074165,-0.017658314,0.14926162,0.0977398,0.1290453,0.117379576,-0.051192097,-0.09763271,0.08561203,0.08156132,0.05074165,0.14926162,0.1290453,-0.051192097,0.08561203,0.0704902410507202,0.0726936995983123,-0.017658314,0.0977398,0.117379576,-0.09763271,0.08156132,0.2399327039718627,0.0362779349088668,-0.0015598536,0.18103874,0.27029735,0.2092494,0.30126822,0.3928869,0.28299353,0.19347924,0.17670785,0.37989062,0.5583732,0.3757766,0.16709967,0.048398644,-0.06678016,0.066926,0.20138156,0.12649763,-0.08177204,0.19956315,-0.19834432,-0.20090866,-0.05300661,0.017498542,0.025806539,0.041174203,0.15371498,0.29725403,0.07107928,0.07040854,-0.23107964,-0.077270746,-0.23387983,-0.2831536,0.1453377,0.12790844,-0.30215892,-0.05578469,0.053404547,0.018527359,0.07306552,0.2184072,0.25607982,-0.14767928,0.070366494,0.047825318,0.022541177,0.11819181
1859.0,1979,0.0022059024586269,0.0022011871231817,0.0003303077156268,0.0007552242177634,0.16913137,0.27599248,-0.28993836,-0.1761899,0.06444253,0.3248222,0.121977106,0.2554565,0.33103752,0.43019664,0.015904807,-0.005265981,0.15704407,0.16464898,0.09268532,0.14216445,-0.09845639,-0.051779944,0.08365017,0.09160022,0.015904807,0.15704407,0.09268532,-0.09845639,0.08365017,0.0793300330638885,0.0501655936241149,-0.005265981,0.16464898,0.14216445,-0.051779944,0.09160022,0.2220555782318115,0.0682735502719879,0.0062703304,0.1064304,0.16922937,0.17144859,0.38671973,0.42262423,0.32301307,0.27058908,0.22781418,0.3547566,0.48127556,0.37586272,0.10220959,0.07641002,-0.09075394,0.042106565,0.14000468,0.048307113,-0.031105287,0.21426985,-0.10259231,-0.11622891,-0.075040706,-0.006862427,0.084579475,0.076265305,0.22203295,0.32224417,0.053682894,0.15307154,-0.23207916,-0.07922151,-0.19296354,-0.17110997,0.027551606,0.13745347,-0.28576207,-0.04138923,0.05557686,-0.034303453,0.16596273,0.109366484,0.24597886,-0.23229304,0.07690523,0.06297162,0.013933606,0.13987684
1930.0,1980,0.0021275761224127,0.0023366926564092,0.0003642678286195,0.000782439911323,0.17865734,0.30226198,-0.19850089,-0.11041407,0.046337597,0.29388046,0.123864554,0.24106419,0.32921904,0.47227058,0.09115831,0.04469466,0.2767561,0.2593003,0.11797452,0.11450799,-0.0037916452,-0.02873209,0.25157425,0.23495719,0.09115831,0.2767561,0.11797452,-0.0037916452,0.25157425,0.0959155321121215,0.1467343091964721,0.04469466,0.2593003,0.11450799,-0.02873209,0.23495719,0.2398126363754272,0.1249456048011779,0.029176481,0.16933623,0.30598825,0.2794682,0.4010214,0.49671435,0.5297736,0.41851187,0.2941469,0.43959352,0.6113064,0.47840554,0.25711548,0.16082904,-0.05903764,0.072722584,0.21281025,0.08952602,-0.062064804,0.19718853,-0.07031933,-0.11445695,-0.0841618,-0.0023257602,0.3177692,0.2634867,0.22728711,0.35071945,0.16189602,0.21383595,-0.16693099,-0.02743188,-0.3161531,-0.27487504,-0.013842471,-0.090482086,-0.32882702,-0.028981622,0.17585433,-0.08810645,0.10766251,0.11213119,0.08723274,-0.24126783,0.08813468,0.13767184,-0.04953716,0.22580653
1962.0,1981,0.00206532069959,0.0024698458070023,0.0004111986814661,0.0008067646369746,0.27812022,0.29915744,-0.23374811,-0.08703691,0.116877414,0.32487276,0.16129342,0.2582764,0.34302813,0.4535437,0.099545844,0.03435991,0.23010892,0.1920552,0.12581353,0.09588839,-0.07043207,-0.08842447,0.25584674,0.22189878,0.099545844,0.23010892,0.12581353,-0.07043207,0.25584674,0.133114218711853,0.1281765937805175,0.03435991,0.1920552,0.09588839,-0.08842447,0.22189878,0.2497626781463623,0.0911555528640747,0.023201894,0.16201767,0.2673141,0.24194744,0.459469,0.49520335,0.4951128,0.36391822,0.21440175,0.36114466,0.5513031,0.4222104,0.2984506,0.16313046,0.06502691,0.106162965,0.34755898,0.1052724,0.043607146,0.23643869,-0.07273248,-0.1244931,-0.13123652,-0.051461738,0.25251245,0.18211368,0.25578195,0.34058946,0.18222007,0.19348839,-0.18702497,-0.04336315,-0.23342368,-0.30395183,-0.058504045,0.0032694936,-0.36924505,0.009230902,0.20160194,-0.056967497,0.1311663,0.073031366,0.15847579,-0.23685154,0.105328895,0.1445118,-0.03918291,0.2498407
2128.0,1982,0.0020562225601159,0.0025901483591774,0.0004697919450588,0.0008075857695887,0.24481855,0.30082732,-0.22518465,-0.10973276,0.08126529,0.30087048,0.13717763,0.2844178,0.31729063,0.45997205,0.09068537,0.037270844,0.25021112,0.24753325,0.088092715,0.08879091,0.016551254,-0.035820976,0.32342976,0.2932077,0.09068537,0.25021112,0.088092715,0.016551254,0.32342976,0.1110734939575195,0.1537940502166748,0.037270844,0.24753325,0.08879091,-0.035820976,0.2932077,0.2472709894180297,0.1261963486671447,0.030669533,0.19958873,0.2750901,0.25982994,0.45862255,0.49856472,0.5072977,0.39822617,0.13530205,0.3402526,0.5321001,0.41142002,0.25620872,0.13645831,0.028583366,0.10435898,0.28352892,0.17380694,0.058147907,0.25778633,-0.038968105,-0.10743812,-0.07736872,0.01963593,0.307683,0.24331628,0.24543276,0.33562303,0.18723226,0.20394138,-0.18576774,-0.061548077,-0.22762536,-0.22538102,-0.038400616,-0.062250227,-0.373,0.013805514,0.19913696,-0.03209933,0.0839794,0.12707405,0.09230675,-0.26548946,0.11900068,0.15560228,-0.036601596,0.27460295
2227.0,1983,0.0020535259348304,0.0026933139546808,0.0005176986562876,0.0008103506281226,0.2639618,0.30060387,-0.1986592,-0.06425494,0.08232263,0.322969,0.16250975,0.2951902,0.32904056,0.46308032,0.17726745,0.05112148,0.31589085,0.30437443,0.14457913,0.111912735,0.09072142,-0.047383316,0.3472259,0.25774914,0.17726745,0.31589085,0.14457913,0.09072142,0.3472259,0.1278351068496704,0.2151369571685791,0.05112148,0.30437443,0.111912735,-0.047383316,0.25774914,0.263517689704895,0.1355548858642578,0.028844733,0.20537016,0.34144908,0.2716282,0.45585966,0.50290656,0.52545714,0.37850678,0.21611096,0.3877299,0.57547605,0.43212187,0.31924796,0.12934357,0.032810163,0.09803842,0.23456012,0.1094609,0.06348044,0.2656396,-0.031098515,-0.12944831,-0.09968541,0.008790784,0.3029083,0.20591798,0.28166527,0.3657522,0.2706462,0.27994835,-0.14051905,0.0059948564,-0.2864378,-0.17107968,-0.06858689,-0.021243036,-0.41116527,0.02755028,0.21925282,-0.03130515,0.15617871,0.13823909,0.1598342,-0.2739535,0.13461605,0.1382971,-0.0036810488,0.27291316
2444.0,1984,0.002084864120921,0.0027975265339099,0.0005674860140386,0.0008243806333894,0.2221413,0.27555245,-0.19597511,-0.10260213,0.09417506,0.3232515,0.16989349,0.28307343,0.3811654,0.4303375,0.21049377,-0.0022080243,0.26147383,0.18096644,0.22044373,0.09895466,0.13504499,-0.06974995,0.4487596,0.24326241,0.21049377,0.26147383,0.22044373,0.13504499,0.4487596,0.1342800259590149,0.255243182182312,-0.0022080243,0.18096644,0.09895466,-0.06974995,0.24326241,0.2419225454330444,0.0902451038360595,0.02448506,0.20534047,0.34341085,0.2400147,0.4255095,0.49747944,0.57733226,0.36480343,0.24183661,0.42913455,0.5927595,0.39231497,0.4120346,0.13062418,-0.020951726,0.067632124,0.37108487,0.09357548,0.08348873,0.25077963,0.05121015,-0.08844679,-0.08731169,-0.036052622,0.47478282,0.26984486,0.28381497,0.30160606,0.13561834,0.12393798,-0.15415728,-0.079627566,-0.43298632,-0.28759614,-0.13852185,-0.19096786,-0.2897756,0.020976603,0.28894615,-0.06299205,0.15720415,0.052394167,0.0317612,-0.20356554,0.09797105,0.15010343,-0.052132383,0.24807449
2619.0,1985,0.00211035976242,0.0028638509337225,0.0006375248388954,0.0008279396267231,0.2567979,0.23178357,-0.15175173,-0.08355033,0.13010107,0.3043946,0.21332508,0.29996884,0.42397395,0.47694767,0.18882066,-0.0033300854,0.33784953,0.19828492,0.25081947,0.1047252,0.14386448,-0.069355205,0.3594793,0.1966404,0.18882066,0.33784953,0.25081947,0.14386448,0.3594793,0.1744892597198486,0.2561666965484619,-0.0033300854,0.19828492,0.1047252,-0.069355205,0.1966404,0.2459088802337646,0.0853930473327636,0.06483094,0.18016806,0.35089123,0.2509066,0.4843458,0.47463155,0.5446514,0.3344143,0.2672571,0.4129506,0.5915495,0.39536902,0.35152096,0.09653203,0.049070816,0.047197044,0.48166227,0.25212264,0.10084338,0.25763538,0.04402246,-0.09707974,0.021194091,0.05911155,0.3889934,0.19411589,0.35373294,0.40992537,0.28218102,0.15675355,-0.091172315,-0.031279393,-0.30245015,-0.3808189,-0.022828368,-0.03526047,-0.37335333,0.08673377,0.30967602,-0.049334988,0.005512744,0.15619129,0.21580948,-0.18803295,0.14057222,0.18068445,-0.040112227,0.32125667
2748.0,1986,0.0021384130196955,0.002913854950519,0.0006995124366134,0.0008164830865098,0.23846994,0.24629639,-0.17692988,-0.051413238,0.14031938,0.33069175,0.19507468,0.27155888,0.40970814,0.49273986,0.14803715,0.013827192,0.35114866,0.30093634,0.24751061,0.19442531,0.13391098,-0.007826552,0.40943187,0.30693024,0.14803715,0.35114866,0.24751061,0.13391098,0.40943187,0.1613284587860107,0.2580078601837158,0.013827192,0.30093634,0.19442531,-0.007826552,0.30693024,0.2579747200012207,0.1616585135459899,0.021457158,0.16136679,0.34896404,0.27343464,0.4619301,0.4831624,0.5791599,0.42669111,0.2763291,0.44923562,0.59048706,0.47044158,0.2795458,0.111193866,-0.015319563,0.05250038,0.42856753,0.31874096,0.10213041,0.2771936,0.19230969,0.025214171,-0.057971932,0.023269683,0.42618197,0.28606907,0.36481535,0.45762217,0.3638379,0.31412178,-0.14092626,0.020738624,-0.29486537,-0.32643712,-0.25028163,-0.061366618,-0.50476414,0.05054561,0.33808857,-0.058693487,-0.041547358,-0.0019444879,0.1715531,-0.29338315,0.15557581,0.24731791,-0.0917421,0.40289372
2931.0,1987,0.0022212901069776,0.0029811147414665,0.0007510217378694,0.0008231104354438,0.23805021,0.25285375,-0.1989299,-0.063972846,0.14290836,0.31007513,0.19548798,0.3113153,0.42462885,0.45071584,0.1820778,0.03312171,0.37067744,0.31057125,0.24537306,0.15483207,0.1945686,0.020637162,0.4302078,0.3066274,0.1820778,0.37067744,0.24537306,0.1945686,0.4302078,0.1604290962219238,0.2845809459686279,0.03312171,0.31057125,0.15483207,0.020637162,0.3066274,0.2521974325180053,0.1651579141616821,0.054014493,0.14841247,0.3657141,0.32717013,0.48266044,0.44371736,0.57151604,0.4318468,0.2781026,0.40444657,0.6499952,0.5098974,0.39383295,0.20624861,-0.007555034,0.05572804,0.4893278,0.3306387,0.1009521,0.29399827,0.3835405,0.14445823,-0.014265999,0.051693436,0.4115591,0.26744157,0.34057906,0.37789583,0.25687438,0.24243635,-0.16409558,0.004776437,-0.401388,-0.3883757,-0.39780653,-0.07098004,-0.42096996,0.05112291,0.38702694,-0.15052056,-0.036640435,-0.092764795,0.11045426,-0.23765992,0.14750735,0.28009188,-0.13258453,0.42759925
3045.0,1988,0.0023260160987774,0.0030348882791096,0.0007999724860598,0.0008349080174119,0.25883257,0.24510315,-0.14671606,-0.07927902,0.1594441,0.296987,0.22714466,0.23837273,0.5063747,0.4441392,0.18822202,0.06791431,0.419937,0.3602798,0.21737733,0.16337013,0.14318329,0.010131586,0.49040926,0.32386044,0.18822202,0.419937,0.21737733,0.14318329,0.49040926,0.2010159969329834,0.2918257713317871,0.06791431,0.3602798,0.16337013,0.010131586,0.32386044,0.2290646076202392,0.1851112604141235,0.06957525,0.14584154,0.38927773,0.31331968,0.52155054,0.4772694,0.6282577,0.5024322,0.36597353,0.44373712,0.65350926,0.5226085,0.32100523,0.16377634,0.020461682,0.039993316,0.4588005,0.2680722,0.14910847,0.30789015,0.14840353,0.036931228,-0.0022507515,-0.0023923442,0.44752073,0.24286538,0.39061356,0.3653794,0.370713,0.311168,-0.11544551,-0.012668405,-0.30054355,-0.30969203,-0.15065427,-0.056907177,-0.4861585,0.0884975,0.3492886,-0.12378302,0.03981796,-0.039323572,0.12251401,-0.3238364,0.14121842,0.2469356,-0.10571718,0.38815403
3022.0,1989,0.0024097425723864,0.0030780986914916,0.0008554298571965,0.0008483522490061,0.22461331,0.2639311,-0.2165136,-0.08144066,0.09635444,0.27578843,0.14411038,0.22310832,0.42295885,0.46101075,0.09144937,0.052111596,0.26948693,0.2836744,0.017189965,0.08597204,0.0173807,0.039500818,0.37848353,0.3763886,0.09144937,0.26948693,0.017189965,0.0173807,0.37848353,0.134304678440094,0.1547981023788452,0.052111596,0.2836744,0.08597204,0.039500818,0.3763886,0.2284795761108398,0.1675294876098632,0.013387501,0.1673676,0.29138142,0.33031684,0.48158985,0.46383756,0.59728813,0.5227985,0.28173405,0.38823038,0.605754,0.5112138,0.2056068,0.112185426,-0.026388815,0.05788935,0.3614636,0.2677169,0.056194663,0.25155804,-0.056190673,-0.034854818,-0.09819432,-0.019165859,0.3353061,0.3064854,0.33836913,0.39130265,0.22779201,0.22699618,-0.18458846,-0.021661844,-0.23199561,-0.30526894,-0.04200365,0.003063023,-0.41238046,0.01707844,0.21479556,-0.054296076,-0.016158879,0.01568896,0.08481723,-0.24865803,0.11935284,0.20666544,-0.0873126,0.32601827
2982.0,1990,0.0024701655720491,0.0031206021015073,0.0009395141487991,0.0008639277552577,0.23527499,0.25798097,-0.23077285,-0.13655585,0.052536175,0.24768218,0.1718899,0.23300883,0.38638407,0.41572922,0.10828407,0.024957914,0.27616915,0.29354182,0.11421127,0.109632336,-0.021220759,-0.032703232,0.36018735,0.2898015,0.10828407,0.27616915,0.11421127,-0.021220759,0.36018735,0.1230624556541442,0.1675262212753296,0.024957914,0.29354182,0.109632336,-0.032703232,0.2898015,0.2035690784454345,0.1370460748672485,0.004762456,0.099351995,0.3170291,0.29064828,0.4809494,0.45188957,0.5616269,0.46243054,0.17733109,0.35221308,0.62359494,0.4682806,0.3031761,0.1389813,-0.045126427,0.051284328,0.39171505,0.26801434,0.01775691,0.17597714,-0.079575986,-0.022475742,-0.11884594,-0.07677252,0.31921405,0.2154486,0.28744853,0.37084916,0.12321002,0.18211868,-0.19609767,-0.07163862,-0.34830254,-0.37395814,-0.039269954,-0.03176552,-0.31930768,-0.01097292,0.21154785,-0.08769697,-0.0920372,-0.054296777,0.15540056,-0.2537573,0.0779094,0.19563371,-0.11772431,0.27354312
3051.3152,1991,0.0025127813943462,0.0031360409924259,0.0010109100854427,0.0008698541262463,0.215525,0.21781382,-0.21683456,-0.102951095,0.08839346,0.27433822,0.21842434,0.29793763,0.36213684,0.43570065,0.17785951,0.08277832,0.3104537,0.27451724,0.19990058,0.19235805,0.096443504,-0.0010623857,0.43476647,0.35717934,0.17785951,0.3104537,0.19990058,0.096443504,0.43476647,0.1335290193557739,0.2438847541809082,0.08277832,0.27451724,0.19235805,-0.0010623857,0.35717934,0.2245678424835205,0.1811541199684143,-0.01923578,0.12173387,0.34432855,0.32465026,0.46768692,0.46214285,0.6354891,0.49257934,0.18695056,0.35084462,0.6542907,0.49396276,0.39569056,0.23839132,-0.013245538,0.0092492215,0.2978458,0.18039146,0.06206083,0.2352756,0.015111216,0.038360864,-0.01930584,-0.019431682,0.44144738,0.27391267,0.30989432,0.4115344,0.13561544,0.116780266,-0.17929143,-0.045764327,-0.40893608,-0.23578498,-0.034417056,-0.13155305,-0.31490687,0.03202247,0.2571421,-0.2291421,0.054884136,-0.057792544,0.13762173,-0.1625446,0.10882068,0.19094706,-0.08212638,0.29976773
3227.7441,1992,0.0025503778770143,0.0031188972968956,0.0010690598311648,0.0008683044231848,0.26832625,0.26447314,-0.19799554,-0.1533157,0.18109886,0.32741344,0.2378942,0.26337674,0.50686336,0.4930815,0.18564576,0.07691107,0.30503017,0.26186502,0.26652902,0.18922202,0.13072044,0.064876825,0.6097081,0.44808704,0.18564576,0.30503017,0.26652902,0.13072044,0.6097081,0.1992374181747436,0.2995266914367676,0.07691107,0.26186502,0.18922202,0.064876825,0.44808704,0.2390058279037475,0.2081923961639404,0.04305934,0.12596786,0.36497813,0.2825795,0.5508646,0.5136329,0.643024,0.4868126,0.350902,0.45924333,0.6922771,0.51824176,0.40212587,0.2113473,-0.016142499,0.03173171,0.43926394,0.30955416,0.18366495,0.3205053,0.12122631,0.12850171,-0.0024447907,-0.011318222,0.5870156,0.42664036,0.42757508,0.4427195,0.1895383,0.15446737,-0.15270974,-0.08023226,-0.41826835,-0.255599,-0.1236711,-0.15944055,-0.34224802,0.0879886,0.34783402,-0.17961559,0.010951132,-0.13981993,0.016079128,-0.23469964,0.14784516,0.27829581,-0.13045065,0.42614096
3506.48,1993,0.0025686892357563,0.003111146715759,0.0011233249623724,0.0008719504803999,0.30908227,0.2879622,-0.2000217,-0.11880594,0.1730041,0.33437526,0.20751342,0.24526438,0.49172473,0.5097991,0.18876623,0.0843386,0.30349848,0.20159903,0.3289314,0.2533675,0.104506396,-0.029099341,0.59640145,0.44784516,0.18876623,0.30349848,0.3289314,0.104506396,0.59640145,0.1962605714797973,0.3044207811355591,0.0843386,0.20159903,0.2533675,-0.029099341,0.44784516,0.2517189979553222,0.1916101932525634,0.065010086,0.15362805,0.37356424,0.30171317,0.5668142,0.53550726,0.60107774,0.43835574,0.3378787,0.47926152,0.63981813,0.4811931,0.35622773,0.20533605,0.024676014,0.06889052,0.6488198,0.48256546,0.20084405,0.29437423,0.39096767,0.12320828,-0.08434281,-0.045159847,0.5765943,0.42395067,0.43168953,0.48799485,0.1396656,0.11806593,-0.1630586,-0.047519363,-0.3315517,-0.44797575,-0.47531047,-0.14490476,-0.30272418,0.08196165,0.422455,-0.13644552,-0.18819124,-0.16836813,0.06404418,-0.1655853,0.15990405,0.3336577,-0.17375366,0.49356174
3730.164,1994,0.0025481468098535,0.0031185812461421,0.001204719559839,0.0008579890783023,0.3039508,0.26812017,-0.1894325,-0.1559678,0.10660954,0.2715578,0.20537949,0.23560409,0.42530867,0.45602754,0.2164377,0.07470389,0.3246962,0.21966934,0.21165957,0.13943028,0.051605165,-0.03375427,0.54109216,0.4102447,0.2164377,0.3246962,0.21165957,0.051605165,0.54109216,0.170363187789917,0.2690981388092041,0.07470389,0.21966934,0.13943028,-0.03375427,0.4102447,0.2150683641433715,0.1620587825775146,0.029712517,0.097223304,0.4133095,0.32210326,0.518442,0.46142665,0.6242254,0.46537232,0.24294014,0.38612163,0.6071677,0.43574762,0.47089458,0.2560454,-0.009746186,0.0070610903,0.50064427,0.33668464,0.17396814,0.2504671,0.14711817,0.045311365,-0.056450076,-0.050051223,0.60684204,0.428811,0.36722144,0.41246772,0.11658882,0.017068101,-0.17372401,-0.11286379,-0.48064077,-0.32667613,-0.20356825,-0.2396206,-0.29031283,0.06025386,0.36841756,-0.2489843,-0.08621755,-0.09536259,-0.016343296,-0.12993188,0.11350817,0.2640941,-0.15058595,0.37760228
3999.7292,1995,0.0025008994297032,0.0031309309357502,0.0012874538336445,0.0008385520361408,0.27008232,0.22381225,-0.2041313,-0.110372975,0.09835618,0.25490656,0.17707863,0.18877193,0.39167166,0.40019023,0.2035412,0.018577218,0.26544043,0.15790112,0.16921945,0.08298084,0.037217334,-0.09089242,0.33136436,0.22380303,0.2035412,0.26544043,0.16921945,0.037217334,0.33136436,0.1466114997863769,0.201356554031372,0.018577218,0.15790112,0.08298084,-0.09089242,0.22380303,0.1914616107940673,0.078473961353302,0.0039923824,0.09255512,0.33762002,0.21215582,0.4953259,0.43240225,0.56663114,0.36593443,0.21990672,0.37768668,0.5801887,0.37366843,0.43659753,0.20433877,0.0033705924,0.04449745,0.41099575,0.16741116,0.14231977,0.24989976,0.12161904,-0.072356835,-0.12638533,-0.161675,0.4189029,0.21994796,0.34128958,0.35732746,0.10243122,0.006801948,-0.21188182,-0.06736415,-0.43322694,-0.26867598,-0.24800438,-0.077613324,-0.31431305,0.029742563,0.2981093,-0.15984133,0.0824886,-0.08931817,0.1373795,-0.0741661,0.09416754,0.1561898,-0.06202226,0.25035733
4219.644,1996,0.0024710689393551,0.0031168561311104,0.0013549980676056,0.0008170127884779,0.23621754,0.242617,-0.2297917,-0.14071685,0.06644476,0.2768159,0.12828365,0.17398047,0.3214971,0.4165244,0.16316274,0.02080689,0.31362224,0.22185597,0.14591253,0.12902863,0.06627623,-0.056123603,0.38090336,0.2912972,0.16316274,0.31362224,0.14591253,0.06627623,0.38090336,0.1045302748680114,0.2139754295349121,0.02080689,0.22185597,0.12902863,-0.056123603,0.2912972,0.193844187259674,0.1213730096817016,0.005883079,0.102031924,0.35279775,0.25594217,0.44586995,0.45818013,0.53034174,0.40727735,0.17930084,0.36540788,0.54051954,0.42828527,0.34001353,0.16604726,-0.06743202,-0.014020115,0.438508,0.30149543,0.054443393,0.22442916,-0.029281478,-0.17529784,-0.14228237,-0.12227674,0.4033783,0.29121417,0.26518166,0.35202506,0.2359775,0.17594749,-0.20655815,-0.09088312,-0.40744555,-0.3840646,-0.113000885,-0.13819665,-0.44253564,-0.019329498,0.2777192,-0.18006738,-0.07706627,0.053021103,0.060810894,-0.26683062,0.067286275,0.19965239,-0.13236612,0.26693866
4310.828,1997,0.0024424527517632,0.0030946756214234,0.0014163208921737,0.0007909548349565,0.2683288,0.23116559,-0.23569532,-0.17957973,0.067350976,0.23482463,0.18474089,0.19838281,0.3255872,0.37225735,0.12590054,-0.02432106,0.28010002,0.19766943,0.07542288,0.07543877,0.009739408,-0.08163138,0.36728057,0.2646581,0.12590054,0.28010002,0.07542288,0.009739408,0.36728057,0.1220625162124633,0.1716886758804321,-0.02432106,0.19766943,0.07543877,-0.08163138,0.2646581,0.1714101314544677,0.0863627672195434,-0.0078748055,0.1041066,0.34306908,0.2596912,0.4940839,0.4753755,0.4886852,0.3691673,0.1330281,0.33532903,0.5423847,0.40110475,0.3377483,0.16297862,0.016266868,0.014484876,0.47861752,0.32827276,0.11337597,0.22802216,0.122375794,0.02216217,-0.09022437,-0.12602049,0.3882909,0.25957587,0.29507485,0.3323968,0.15738252,0.0653975,-0.18633594,-0.10235076,-0.3214814,-0.36524156,-0.21260017,-0.09321606,-0.34371847,0.02963148,0.29688302,-0.14849374,-0.1002506,-0.14818266,0.07282093,-0.16774826,0.076651424,0.21950074,-0.14284931,0.29615217
4309.847,1998,0.0024357179758486,0.0031341522242827,0.0015208955637535,0.0007714751830738,0.3333995,0.26703247,-0.19861355,-0.1535372,0.122561455,0.2899359,0.21402496,0.2147958,0.41882724,0.43709734,0.14914447,-0.021211598,0.4533249,0.3026712,0.13497856,0.05813598,-0.0010526907,-0.16782019,0.48462915,0.29594606,0.14914447,0.4533249,0.13497856,-0.0010526907,0.48462915,0.1780399203300476,0.2442049026489257,-0.021211598,0.3026712,0.05813598,-0.16782019,0.29594606,0.211064863204956,0.0935442924499511,0.062224925,0.15012114,0.40740025,0.2654743,0.55580986,0.52391434,0.58377635,0.40196115,0.19884571,0.3792656,0.6055527,0.39747918,0.35701007,0.16321766,0.024501456,0.0269094,0.5369904,0.23118056,0.1463204,0.28643513,0.2198769,0.023913193,-0.068287306,-0.07828842,0.49128667,0.27486253,0.39856774,0.42485058,0.31641793,0.19299501,-0.15340614,-0.087299556,-0.33250862,-0.39067,-0.2881642,-0.09271893,-0.46982408,0.06953923,0.38431638,-0.13630827,0.055254564,-0.10220161,0.14998806,-0.28029457,0.11982125,0.23719323,-0.11737198,0.35701448
4466.7363,1999,0.0024189167784892,0.0031806677155254,0.0016335989008869,0.0007587979656347,0.27663502,0.25642946,-0.17141482,-0.113522395,0.17431477,0.34023488,0.1637468,0.17430928,0.4264822,0.5112353,0.15373239,-0.024484038,0.3147411,0.18534558,0.1600457,0.095132254,0.05552773,-0.120900825,0.38796264,0.24567801,0.15373239,0.3147411,0.1600457,0.05552773,0.38796264,0.1739527940750122,0.214401912689209,-0.024484038,0.18534558,0.095132254,-0.120900825,0.24567801,0.2337373256683349,0.0761541962623596,0.09629142,0.19145544,0.4157252,0.27289784,0.53356516,0.53219324,0.5232783,0.3937531,0.23708211,0.42047045,0.47901475,0.31941706,0.2636609,0.07930425,0.04522546,0.064232424,0.3502874,0.20517267,0.18626055,0.33082396,0.07095765,-0.02246111,-0.13735196,-0.13568486,0.3742814,0.2533838,0.34712392,0.44354385,0.1833108,0.05452323,-0.15761963,-0.07610177,-0.21843545,-0.16402686,-0.20830962,-0.027157485,-0.34093043,0.056727666,0.24849963,-0.015071824,0.12565129,-0.113223754,0.19016007,-0.13062501,0.13551237,0.15336837,-0.017856002,0.28888074
4730.3545,2000,0.0024045637817055,0.0032237239359747,0.0017615226961627,0.0007501364371478,0.23465902,0.2861626,-0.17030883,-0.097461656,0.13767934,0.32883587,0.16903982,0.17779788,0.4182009,0.47803646,0.18638034,0.012653891,0.3106626,0.2326254,0.18091798,0.16277607,0.12485061,-0.019709714,0.4362477,0.3091579,0.18638034,0.3106626,0.18091798,0.12485061,0.4362477,0.1578540563583374,0.2478118419647216,0.012653891,0.2326254,0.16277607,-0.019709714,0.3091579,0.2346742153167724,0.1395007133483886,0.08380475,0.1815482,0.40001208,0.27082872,0.5047797,0.5268222,0.58876574,0.42267752,0.1984017,0.42621645,0.5621847,0.40235814,0.31101418,0.13250759,-0.03971625,0.0711222,0.3777206,0.24606451,0.15549216,0.3255726,0.20893058,0.025179699,-0.10529353,-0.10710909,0.43746462,0.27252042,0.350613,0.40059483,0.16275488,0.07933154,-0.15905754,-0.062306978,-0.35073042,-0.22222844,-0.31422412,-0.08685163,-0.32181242,0.040407564,0.29957697,-0.061385393,0.079508096,-0.13228878,0.12807441,-0.14163852,0.13056095,0.18888737,-0.058326423,0.31944832
4995.1445,2001,0.0023781641158555,0.0032353907668549,0.0018542973899359,0.0007522826433858,0.1997577,0.22561389,-0.2506545,-0.11400425,0.091007486,0.33571678,0.08415877,0.17033753,0.36215717,0.47275853,0.12581024,0.00075583905,0.26457828,0.17265159,0.12555054,0.1203265,0.055651817,-0.10898413,0.39885992,0.26581997,0.12581024,0.26457828,0.12555054,0.055651817,0.39885992,0.0972853243350982,0.1940901637077331,0.00075583905,0.17265159,0.1203265,-0.10898413,0.26581997,0.2180845022201538,0.0901139497756958,-0.004367426,0.15547767,0.34524614,0.22435015,0.47601807,0.5238793,0.5673374,0.40917265,0.16067035,0.35246307,0.5409646,0.36794695,0.289351,0.15120275,-0.05236365,0.02110269,0.43786073,0.24526033,0.13023624,0.32289845,0.08953196,0.034782574,-0.167173,-0.118980974,0.3800258,0.24390113,0.3006601,0.42064983,0.19867447,0.0808868,-0.24257505,-0.07621583,-0.34171462,-0.3076245,-0.25670496,-0.0793657,-0.44124952,-0.006243071,0.2790888,-0.13010007,0.07763812,-0.15376355,0.1767487,-0.15710264,0.11661506,0.1989824,-0.082367346,0.31559747
5343.1123,2002,0.0023761799878099,0.0031911938770503,0.0019319438841348,0.0007515432575197,0.29722947,0.2675207,-0.21065809,-0.106414795,0.11669453,0.309174,0.13392287,0.14390863,0.38509774,0.47104755,0.1477082,-0.0032989085,0.3465015,0.23061311,0.16522324,0.16853037,0.102091655,-0.103614524,0.5331281,0.35069543,0.1477082,0.3465015,0.16522324,0.102091655,0.5331281,0.1444573044776916,0.2589305400848388,-0.0032989085,0.23061311,0.16853037,-0.103614524,0.35069543,0.2170472145080566,0.1285851001739502,0.03681678,0.1869784,0.4179588,0.29329658,0.48848176,0.50590134,0.5721656,0.44895232,0.17345686,0.42922446,0.62022924,0.38573322,0.2656805,0.112141855,0.018751044,0.055591248,0.53443867,0.37013093,0.10196467,0.2525673,0.22430658,0.11339343,-0.13909325,-0.13950455,0.52227795,0.29852644,0.35410678,0.42361456,0.21482751,0.078005694,-0.19159546,-0.05899958,-0.24692945,-0.43247402,-0.36339983,-0.16817117,-0.40642297,0.028826755,0.35230625,-0.056550607,-0.117563635,-0.25289798,0.12508813,-0.13700527,0.105872266,0.25110617,-0.1452339,0.35697845
5649.4634,2003,0.0023954079909214,0.0031296816082083,0.0020011227145987,0.0007571383239987,0.24364115,0.20537668,-0.25926426,-0.12828717,0.100319624,0.28428787,0.0837449,0.0968982,0.35020635,0.4215855,0.089401886,-0.07398093,0.19173434,0.12735899,0.12195494,0.14160459,-0.036089897,-0.18005161,0.3447517,0.19604987,0.089401886,0.19173434,0.12195494,-0.036089897,0.3447517,0.1037295579910278,0.1423505902290344,-0.07398093,0.12735899,0.14160459,-0.18005161,0.19604987,0.1759722232818603,0.0421961814165115,-0.031279616,0.13326845,0.3305874,0.25859565,0.4393557,0.45179534,0.5612666,0.42147404,0.07999524,0.35251942,0.49151874,0.34086552,0.29959276,0.12793891,-0.0012153313,0.0122028515,0.43036598,0.25352022,0.14828819,0.29278466,0.1475207,0.09267977,-0.22750448,-0.17686355,0.26492494,0.11604368,0.300637,0.36563656,0.11248154,0.07272367,-0.21606582,-0.0829312,-0.3008081,-0.2820778,-0.37502518,0.035712063,-0.32854736,0.0008279115,0.25097722,-0.11573606,0.03926444,-0.26954332,0.24959287,-0.15565488,0.09318625,0.18221204,-0.08902579,0.27539828
6067.5913,2004,0.0023902210336278,0.003078799571188,0.0020543982089204,0.0007527262231162,0.26567334,0.27168423,-0.18036139,-0.13428998,0.14446707,0.30215502,0.16057608,0.1610133,0.40706325,0.42666844,0.15613475,0.0028343461,0.22169527,0.12833795,0.09787358,0.123608425,-0.02919038,-0.16302508,0.36791688,0.20223337,0.15613475,0.22169527,0.09787358,-0.02919038,0.36791688,0.1594836711883545,0.1628860235214233,0.0028343461,0.12833795,0.123608425,-0.16302508,0.20223337,0.205446195602417,0.058797800540924,0.04303918,0.16343883,0.36716843,0.26941156,0.49993324,0.49323696,0.5649477,0.39423275,0.11077194,0.3306629,0.5257224,0.3161593,0.30134302,0.15500107,0.017415423,0.051247336,0.30757862,0.1746673,0.15836386,0.26533037,0.017517835,0.03870309,-0.113019764,-0.15546882,0.33604985,0.12181152,0.36299604,0.37175483,0.118945874,0.01782947,-0.14388111,-0.070782974,-0.2839276,-0.14921476,-0.1305376,0.026946187,-0.26282698,0.05637489,0.21628705,-0.10375374,0.090663075,-0.1941719,0.24994332,-0.088612445,0.103407435,0.13593183,-0.0325244,0.23933926
6626.592,2005,0.0023503303538226,0.0030218071162094,0.0020699665701085,0.0007482893467535,0.22458878,0.28782332,-0.1878834,-0.036080673,0.1439993,0.36298317,0.113539025,0.18823674,0.39550158,0.41113973,0.15320912,0.0344745,0.30231297,0.25479305,0.28189975,0.20902589,-0.023718946,-0.13872962,0.38134608,0.25137752,0.15320912,0.30231297,0.28189975,-0.023718946,0.38134608,0.1379490613937378,0.2190098047256469,0.0344745,0.25479305,0.20902589,-0.13872962,0.25137752,0.2428204536437988,0.1221882700920105,0.037625432,0.22246173,0.37636805,0.29585943,0.47773165,0.48798463,0.558313,0.37750113,0.1528714,0.36049786,0.5621923,0.32963368,0.32801607,0.20284906,-0.024065454,0.076668434,0.58613247,0.35308677,0.18230268,0.3494318,0.0746187,0.06349677,-0.19726722,-0.14307281,0.44464692,0.20093745,0.3585595,0.40788922,0.13501589,0.14286825,-0.18768746,0.005051218,-0.35208154,-0.40382978,-0.27188593,-0.086087435,-0.32270336,0.02636841,0.313686,-0.12618062,-0.0036549568,-0.20656958,0.20695177,-0.13781703,0.14637843,0.2582285,-0.11185008,0.40460694
7271.0356,2006,0.0023257405078506,0.0029798850163878,0.002090730564581,0.0007470979207287,0.21867742,0.23985156,-0.1900996,-0.12157607,0.10412229,0.31900167,0.08936697,0.13221133,0.37503406,0.45180115,0.11968745,0.008711401,0.3017981,0.2236266,0.16245276,0.15457532,0.023684759,-0.13017642,0.47113734,0.31040493,0.11968745,0.3017981,0.16245276,0.023684759,0.47113734,0.1194202303886413,0.2157520771026611,0.008711401,0.2236266,0.15457532,-0.13017642,0.31040493,0.2042579412460327,0.1134283542633056,-0.0049079563,0.18065584,0.42296553,0.29029995,0.4505421,0.49442336,0.6027603,0.44582817,0.10811755,0.35712194,0.5401785,0.3204637,0.37781852,0.21972781,-0.068909355,0.024596829,0.4400216,0.23582436,0.16191013,0.3305766,0.16779515,0.1442873,-0.19938874,-0.17474535,0.5141129,0.30444497,0.33658993,0.41953033,0.13477182,0.08040644,-0.14855906,-0.030719787,-0.44672787,-0.27811146,-0.3671839,-0.17752296,-0.2833309,0.016328579,0.326904,-0.19513099,0.09475224,-0.31903267,0.11508536,-0.11112623,0.12185812,0.23745207,-0.115593955,0.3593102
7895.713,2007,0.0022803915808253,0.0028902946446921,0.0020751791462316,0.0007379027654183,0.24064882,0.28117,-0.22004436,-0.08931001,0.044815853,0.32167423,0.09711204,0.20593983,0.32491878,0.44320986,0.1490342,0.02119739,0.27737424,0.25583124,0.11065887,0.15633574,-0.009068385,-0.15299764,0.43136078,0.3177969,0.1490342,0.27737424,0.11065887,-0.009068385,0.43136078,0.0974902272224426,0.1918719410896301,0.02119739,0.25583124,0.15633574,-0.15299764,0.3177969,0.232536768913269,0.1196327209472656,-0.003724847,0.21587873,0.42194128,0.3365543,0.41708595,0.5001146,0.57312477,0.44892433,0.09447594,0.34627813,0.59693754,0.38621825,0.3642246,0.20098224,-0.061960526,0.046057634,0.49182162,0.3839448,0.067604735,0.32761225,0.110238925,0.17809057,-0.14504008,-0.13453849,0.48210746,0.2446566,0.3296041,0.4430418,0.16349474,0.13562575,-0.17137282,-0.012019202,-0.42618513,-0.42421687,-0.255279,-0.15250337,-0.33486754,0.003767082,0.32237747,-0.1549246,-0.05633256,-0.31262904,0.19838521,-0.14764495,0.122959785,0.27252024,-0.14956045,0.39548004
8190.1123,2008,0.0022020761850529,0.002738540077776,0.002052016810962,0.0007156211435902,0.2383195,0.256535,-0.19037308,-0.08885456,0.056729235,0.29734325,0.103128545,0.16302761,0.32451433,0.43952098,0.12903821,-0.008671284,0.2988052,0.23412883,0.09069002,0.13667053,0.022126079,-0.14807656,0.46967638,0.24546564,0.12903821,0.2988052,0.09069002,0.022126079,0.46967638,0.1064637064933776,0.2020671844482421,-0.008671284,0.23412883,0.13667053,-0.14807656,0.24546564,0.2135144472122192,0.0919034302234649,-0.007859804,0.20461714,0.43242887,0.3074064,0.43170613,0.49656615,0.59033966,0.3904354,0.038220633,0.31086248,0.55355847,0.32854682,0.27961046,0.15428844,0.008332439,0.07286604,0.3439815,0.21846038,0.120291315,0.30367,0.24249624,0.22419128,-0.19163722,-0.14950244,0.4177864,0.22792557,0.29330403,0.38352427,0.1997789,0.10957176,-0.12207429,0.022274338,-0.27127802,-0.22369018,-0.43413347,-0.12448236,-0.3218532,0.021643255,0.2967307,-0.0814224,0.08520961,-0.3736937,0.1555987,-0.087297425,0.12552057,0.21306984,-0.08754927,0.3385904
8734.041,2009,0.0021158146448994,0.0026156764310254,0.00200386308379,0.0006905724073728,0.25437897,0.26622987,-0.20082875,-0.1177873,0.100859515,0.2870658,0.1475205,0.24793774,0.37913534,0.460649,0.1489614,0.029055718,0.27530953,0.17095718,0.16501142,0.13238302,0.06330375,-0.07255839,0.4552004,0.25168204,0.1489614,0.27530953,0.16501142,0.06330375,0.4552004,0.1362131118774414,0.2215573072433471,0.029055718,0.17095718,0.13238302,-0.07255839,0.25168204,0.2288190364837646,0.1023039102554321,-0.021643851,0.15408184,0.36808765,0.30487552,0.42892015,0.48367733,0.5774288,0.41943127,0.08136412,0.338975,0.5501786,0.34955856,0.33425778,0.18686177,-0.050323837,0.03393323,0.44646055,0.26100975,0.13859226,0.29791388,0.08155824,0.06800805,-0.09465149,-0.09220369,0.3025365,0.14162621,0.32270518,0.3885445,0.14594018,0.070852146,-0.15938506,-0.022581832,-0.38458163,-0.3078683,-0.17620973,0.020168692,-0.30532524,0.03138741,0.26215065,-0.15292853,0.036904126,-0.16021174,0.24691829,-0.093433976,0.12403306,0.19580309,-0.07177003,0.31983614
9658.419,2010,0.0020265793535665,0.0024873143894885,0.0018580891753003,0.0006756954618002,0.23586363,0.26414782,-0.1626246,-0.07653691,0.11612074,0.33113185,0.12150197,0.21797128,0.32037982,0.42979878,0.12819469,0.0123897735,0.24641554,0.2171318,-0.0015156865,0.092491046,-0.025842723,-0.12501311,0.30211246,0.22189195,0.12819469,0.24641554,-0.0015156865,-0.025842723,0.30211246,0.1262483119964599,0.1298728585243225,0.0123897735,0.2171318,0.092491046,-0.12501311,0.22189195,0.2333025455474853,0.0837782859802246,-0.017247342,0.20548284,0.34459886,0.28010693,0.43002808,0.50775605,0.48899418,0.37216735,0.03713467,0.355029,0.50623226,0.30250788,0.33738694,0.19328953,0.0010679066,0.09026187,0.45812988,0.31881025,0.16168556,0.33803415,0.05659666,0.10912344,-0.11917229,-0.06192325,0.37089762,0.22653536,0.26377878,0.35975507,0.16150472,0.13985215,-0.12893482,-0.004830951,-0.33631903,-0.29644433,-0.17576894,-0.107118845,-0.29043955,0.035685025,0.27690318,-0.103027664,0.019223899,-0.17104669,0.1332197,-0.14468311,0.14716373,0.24095677,-0.093793035,0.3881205
10221.0,2011,0.0019647966100819,0.0023807383306057,0.0017760906509839,0.0006520492180024,0.24848852,0.28882098,-0.19421008,-0.08577634,0.121760614,0.34828293,0.12845515,0.24033806,0.32326826,0.41155335,0.075517714,-0.014462942,0.21744427,0.19240326,0.10292629,0.16168962,-0.061048422,-0.13347478,0.33001685,0.21226382,0.075517714,0.21744427,0.10292629,-0.061048422,0.33001685,0.125552487373352,0.1329713344573974,-0.014462942,0.19240326,0.16168962,-0.13347478,0.21226382,0.2406438112258911,0.0836838006973266,-0.008851025,0.20854893,0.36709416,0.26860243,0.434748,0.5049727,0.5219216,0.36961353,0.037626162,0.35113102,0.511851,0.25906992,0.27345067,0.12437951,-0.053845644,0.051317398,0.4522007,0.28608596,0.16887778,0.35647434,-0.013648134,0.023454215,-0.118330434,-0.05536643,0.34525824,0.2133447,0.30117917,0.39363235,0.14495191,0.10177378,-0.16124526,0.008264419,-0.32729632,-0.28332293,-0.1046823,-0.044079065,-0.30619717,0.027327126,0.24044268,-0.07306211,0.07038838,-0.078820646,0.18028766,-0.09350936,0.15386663,0.20020647,-0.04633984,0.3540731
10680.0,2012,0.0018458143328773,0.0022917474106622,0.0016551793256261,0.0006453502385487,0.25474995,0.27806085,-0.2341839,-0.08300108,0.057216264,0.32121938,0.09097682,0.23134005,0.29258648,0.38441244,0.09085441,-0.03625173,0.22203694,0.19069624,0.045516036,0.16837737,-0.03765116,-0.13857904,0.36794174,0.229733,0.09085441,0.22203694,0.045516036,-0.03765116,0.36794174,0.0922691226005554,0.1377395987510681,-0.03625173,0.19069624,0.16837737,-0.13857904,0.229733,0.2264063358306884,0.0827951669692993,-0.07172788,0.15740281,0.3363018,0.26576546,0.40105736,0.4495587,0.5270636,0.35788947,0.0096394345,0.31472242,0.5407901,0.29727927,0.2674269,0.12115994,-0.06404709,0.05908377,0.32173946,0.28024617,0.11223594,0.31271443,0.022621006,0.029557005,-0.15996729,-0.101847194,0.4817267,0.24971075,0.25100935,0.3204921,0.13554475,0.115890555,-0.20271274,-0.011367314,-0.331474,-0.20950353,-0.1825883,-0.23071736,-0.3382575,-0.012696368,0.24581179,-0.06207617,0.03246826,-0.13140419,0.070781335,-0.12725787,0.11521862,0.18638398,-0.07116536,0.3016026
11328.0,2013,0.0017543968095716,0.0021928000241153,0.0014517045583488,0.0006257733888535,0.30313647,0.32204947,-0.17795919,-0.021793216,0.15148102,0.37433445,0.14996347,0.2545929,0.36664963,0.39699662,0.085938856,0.00029227883,0.22697942,0.25833833,0.1275048,0.18222985,-0.043132246,-0.118865706,0.3583322,0.25706586,0.085938856,0.22697942,0.1275048,-0.043132246,0.3583322,0.1586542844772339,0.1511245965957641,0.00029227883,0.25833833,0.18222985,-0.118865706,0.25706586,0.2652360439300537,0.1158121228218078,0.05430809,0.25485712,0.31572497,0.3149847,0.46743956,0.5213535,0.5824603,0.4394327,0.05996411,0.3235156,0.4959301,0.33077937,0.26215982,0.17244315,0.025070405,0.12099524,0.46687412,0.2784346,0.1831538,0.35369706,-0.0073761716,0.098881885,-0.1451903,-0.04349748,0.29264605,0.1932541,0.37619328,0.40269744,0.09749978,0.15450789,-0.1586553,0.029772496,-0.23708943,-0.2837203,-0.13781413,0.083547235,-0.25615507,0.056114376,0.2223607,-0.051447913,0.07526246,-0.14237937,0.20944335,-0.12473539,0.17446975,0.22739929,-0.052929536,0.40186906
11944.0,2014,0.0016817877871549,0.0020972740277207,0.0013329028800269,0.0006261478470881,0.244255,0.28845507,-0.19047785,-0.029570207,0.104374625,0.32993847,0.12113592,0.19081694,0.3003204,0.33714312,0.07895964,-0.0067001767,0.16713086,0.2058277,0.1367394,0.17460173,-0.04950095,-0.124241345,0.2804525,0.17083922,0.07895964,0.16713086,0.1367394,-0.04950095,0.2804525,0.1159216165542602,0.122756290435791,-0.0067001767,0.2058277,0.17460173,-0.124241345,0.17083922,0.2233566761016845,0.0840654253959655,-0.050015815,0.22226703,0.32890245,0.3013887,0.4296707,0.5054331,0.55361086,0.42932487,0.022591934,0.26812458,0.52949464,0.293079,0.22245285,0.117599964,-0.036672637,0.097127125,0.45010203,0.2733767,0.17146975,0.34524018,0.0067011043,0.06452834,-0.14270818,-0.11695683,0.25544965,0.10455558,0.29339296,0.33838534,0.07692021,0.095083766,-0.19894683,0.016384223,-0.25912547,-0.27863228,-0.1494093,0.037943304,-0.27586704,0.017307008,0.20232515,-0.02047284,0.07186347,-0.18148518,0.23382977,-0.078699544,0.14194164,0.18420772,-0.042266086,0.32614934
12244.0,2015,0.0017202791646663,0.0021911086961264,0.0013974091959231,0.0006820609939787,0.24271446,0.30572337,-0.19388404,-0.033002753,0.11068748,0.37264162,0.15861663,0.2452142,0.31711835,0.3868808,0.16466588,0.026334561,0.18891603,0.13590297,0.25018734,0.15938464,-0.005405944,-0.09508193,0.3068177,0.23219086,0.16466588,0.18891603,0.25018734,-0.005405944,0.3068177,0.1270505785942077,0.1810361981391906,0.026334561,0.13590297,0.15938464,-0.09508193,0.23219086,0.2554914474487305,0.0917462229728698,-0.042912323,0.24099882,0.41834143,0.3197834,0.41639608,0.48990119,0.5882611,0.39821142,0.014882669,0.31619686,0.51877975,0.30388618,0.31763268,0.17238283,0.0057389215,0.12988687,0.4810236,0.270242,0.19343427,0.37308416,0.035567593,0.055425465,-0.13410786,-0.040429592,0.3866077,0.2147489,0.31735054,0.3922064,0.0879107,0.07087274,-0.16570695,0.015242249,-0.31189376,-0.28758934,-0.16967545,-0.06925717,-0.25361764,0.043341782,0.26174846,-0.042495966,0.10284215,-0.09585506,0.1774575,-0.05563049,0.17723739,0.2107826,-0.03354521,0.38801998
12569.0,2016,0.0016437387533707,0.0021348636703071,0.001305936768566,0.0006806936227365,0.25127298,0.30882877,-0.21328932,-0.05722131,0.099166885,0.35458684,0.07438722,0.17842287,0.2848202,0.3448128,0.077303946,0.0043757968,0.09817426,0.16709495,0.13988638,0.1418463,-0.07962559,-0.15111046,0.35273,0.1959655,0.077303946,0.09817426,0.13988638,-0.07962559,0.35273,0.0992715954780578,0.11769380569458,0.0043757968,0.16709495,0.1418463,-0.15111046,0.1959655,0.2258860111236572,0.0716344237327575,-0.06933024,0.19218498,0.36646038,0.2915676,0.40324396,0.4784543,0.54660416,0.38862118,-0.057391785,0.283548,0.42969972,0.21689877,0.287659,0.15762623,-0.04216546,0.08952236,0.42649192,0.24407077,0.18469943,0.35187626,-0.17840354,-0.096809015,-0.12152408,-0.06823545,0.3536717,0.14167126,0.30496418,0.33446917,0.0072647333,0.11832382,-0.19602434,-0.0058560297,-0.32982445,-0.24179249,0.05687946,-0.048707515,-0.20328908,0.025989946,0.17933676,-0.068103865,0.10780549,0.028573565,0.19279791,-0.12417985,0.14774595,0.16522916,-0.017483205,0.3129751
12733.932,2017,0.0015993961132304,0.002188893633764,0.0013629821647403,0.0006784729505871,0.25329745,0.33372504,-0.24307384,-0.057698194,0.061602138,0.32374203,0.031348236,0.14189193,0.29253507,0.3651928,0.13185415,0.0010826066,0.25225616,0.24014083,0.16083668,0.13120508,-0.029448044,-0.15387367,0.3754652,0.21263584,0.13185415,0.25225616,0.16083668,-0.029448044,0.3754652,0.0791418075561523,0.1781928300857544,0.0010826066,0.24014083,0.13120508,-0.15387367,0.21263584,0.2213707208633422,0.0862381339073181,-0.07325366,0.20593901,0.42058674,0.3030687,0.40454617,0.48498347,0.6251505,0.43035388,-0.06476332,0.24119684,0.55108154,0.28799164,0.3708307,0.19729389,-0.056289926,0.13807441,0.5077977,0.28290528,0.17581534,0.39660543,-0.09912583,-0.10667162,-0.13298772,-0.09561302,0.3921497,0.11070757,0.2758978,0.33874214,0.12240642,0.16401073,-0.23776156,-0.012328077,-0.42712063,-0.33198237,-0.03386189,-0.116251886,-0.36016798,0.0049347878,0.25881177,-0.05921948,0.11370015,0.011058599,0.22803456,-0.1763388,0.1568827,0.19267392,-0.03579122,0.34955662
13101.706,2018,0.001546606541251,0.0022167124966628,0.00133008923558,0.000702146272431,0.21814205,0.33110082,-0.23197033,-0.038893677,0.03620702,0.34323698,0.08887586,0.2173065,0.287606,0.3473997,0.12379235,-0.01798971,0.2712142,0.16930467,0.23956859,0.12305722,0.043168887,-0.12454881,0.4204143,0.1719328,0.12379235,0.2712142,0.23956859,0.043168887,0.4204143,0.0797721207141876,0.2196316719055175,-0.01798971,0.16930467,0.12305722,-0.12454881,0.1719328,0.2400300741195678,0.0643512308597564,-0.05779787,0.21991234,0.43577072,0.28536147,0.42080843,0.5037863,0.59419805,0.38216168,-0.04655622,0.26505095,0.5225424,0.20511936,0.31364742,0.14383192,-0.11464456,0.109937906,0.49493665,0.34321812,0.06617352,0.33505023,0.08201462,0.013724549,-0.12296579,-0.042341597,0.3871708,0.095130265,0.31539893,0.35214192,0.16050927,0.043369487,-0.20237151,-0.0006617401,-0.42829198,-0.42876312,-0.2049804,-0.07177186,-0.36288077,-0.011681879,0.28765577,-0.033894017,-0.008167893,-0.056066148,0.25701165,-0.044031225,0.13671671,0.18903518,-0.05231847,0.3257519
,2019,,,,,0.21493727,0.29740566,-0.1902507,-0.017391402,-0.021230713,0.30013207,0.044272818,0.18043691,0.22743447,0.31588262,0.17574944,0.00819312,0.22596075,0.13368505,0.13055998,0.08242542,0.01065243,-0.09983213,0.4305145,0.09269555,0.17574944,0.22596075,0.13055998,0.01065243,0.4305145,0.0550326287746429,0.1946874260902404,0.00819312,0.13368505,0.08242542,-0.09983213,0.09269555,0.2152931690216064,0.043433403968811,-0.09859899,0.1513491,0.40015924,0.24044763,0.3059509,0.45256716,0.57256985,0.313297,-0.16512184,0.18501878,0.4765246,0.14818989,0.27540413,0.08461616,-0.09382166,0.06401734,0.43855608,0.17225556,0.058299836,0.33090723,-0.106860906,-0.0729516,-0.1104105,-0.09956059,0.44321316,0.046551142,0.19899847,0.2606516,0.14048997,0.053098023,-0.16160405,0.0040052626,-0.3692258,-0.38025624,-0.0035495907,-0.2442147,-0.302094,-0.02170758,0.23816049,-0.020598821,0.15865166,-0.026608989,0.21410045,-0.049092762,0.10305344,0.120354235,-0.017300792,0.22340769
,2020,,,,,0.22310346,0.30424005,-0.20119733,-0.097525515,0.0037444532,0.3785048,-0.006484106,0.14851959,0.32851797,0.39893588,-0.004335154,-0.083155945,0.1411584,0.12848414,-0.0060929693,0.09500347,-0.028557397,-0.12114568,0.3106814,0.06079448,-0.004335154,0.1411584,-0.0060929693,-0.028557397,0.3106814,0.0695368885993957,0.0825708568096161,-0.083155945,0.12848414,0.09500347,-0.12114568,0.06079448,0.2265349626541137,0.0159960940480232,-0.06909457,0.18109357,0.46886548,0.32343465,0.36082482,0.49618143,0.5854902,0.32506183,-0.06634475,0.22809687,0.476105,0.16376194,0.15791976,-0.008466714,-0.0692097,0.12669162,0.22527075,0.07775115,0.067258716,0.33994973,-0.018035159,-0.05850431,-0.12375865,-0.08289827,0.22564447,0.03939554,0.2714041,0.37843287,0.059277106,0.105392426,-0.15197484,-0.035419323,-0.22712946,-0.15801203,-0.10572349,0.04575962,-0.21125194,-0.0012560785,0.13001539,0.13515835,0.26219857,-0.024393957,0.33903733,-0.14081174,0.13233589,0.06347314,0.06886274,0.19580904
,2021,,,,,0.2567431,0.2950172,-0.19007146,-0.13070202,0.009384685,0.3262214,0.007829662,0.098295435,0.21920452,0.32554907,0.10437406,-0.062412135,0.19585961,0.054527547,0.1474968,0.09588502,0.076331995,-0.086566344,0.41613978,0.090040885,0.10437406,0.19585961,0.1474968,0.076331995,0.41613978,0.0606181025505065,0.1880404472351074,-0.062412135,0.054527547,0.09588502,-0.086566344,0.090040885,0.1828762173652648,0.0182949945330619,-0.05287987,0.17307648,0.46479023,0.23119487,0.37910292,0.4804817,0.6173768,0.26566583,-0.10329521,0.16738707,0.46460342,0.05610223,0.24764335,0.0057371743,-0.11788638,0.044220466,0.28969103,0.09388464,0.051344544,0.34413204,0.022815704,-0.031170959,-0.13422848,-0.15224555,0.4594038,0.0898226,0.19253117,0.3072446,0.14294577,0.033523105,-0.15643494,-0.0968063,-0.36552972,-0.23834649,-0.15704419,-0.26687264,-0.29938072,-0.03293482,0.23249993,0.038483292,0.2502474,-0.121074595,0.21742201,-0.1303294,0.08298162,0.08024793,0.0027336925,0.16322955
